,student_id,internship_id,record_id,tag,FS,PE,RC,order_1,order_2,ped_ambu,specialty,step_5,step_2,ecn_item,skill,step_PEC_TTT,step_diag,step_autre
0,student 1,0192958d-8f9d-78b2-bd56-0f3e6abbe477,01955315-5c67-70b8-8ed8-e0178898a763,SN2-1,FS08,PE08,PROCÉDURE ADMINISTRATIVE,Urgences avant SN1,SN2 avant Pôle femme,non,Santé publique (Administratif/Social),Administratif-Social,Autre,Item 56,C5,0,0,1
1,student 1,0192958d-8f9d-78b2-bd56-0f3e6abbe477,01955315-fe3f-7f7f-a5f1-86b7859376d9,SN2-1,FS01,PE08,HTA,Urgences avant SN1,SN2 avant Pôle femme,non,Cardiologie,PEC-ttt,PEC-ttt,Item 224,C4,1,0,0
2,student 1,0192958d-8f9d-78b2-bd56-0f3e6abbe477,01955316-9328-7a6b-a339-8464fbbd2eec,SN2-1,FS02,PE03,IATROGÈNE - EFFET INDÉSIRABLE D’UNE THÉRAPEUTIQUE,Urgences avant SN1,SN2 avant Pôle femme,non,Orthopédie,PEC-ttt,PEC-ttt,Item 177,C2,1,0,0
3,student 1,0192958d-8f9d-78b2-bd56-0f3e6abbe477,01955319-7f46-7751-9fc8-6fa41cd55491,SN2-1,FS02,PE02,TÉNOSYNOVITE,Urgences avant SN1,SN2 avant Pôle femme,non,Rhumatologie,PEC-ttt,PEC-ttt,Item 361,C4,1,0,0
4,student 1,0192958d-8f9d-78b2-bd56-0f3e6abbe477,01955891-d4fe-70e3-afff-87b3d8148ddb,SN2-1,FS02,PE02,VERTIGE – ÉTAT VERTIGINEUX,Urgences avant SN1,SN2 avant Pôle femme,non,ORL,PEC-ttt,PEC-ttt,Item 103,C4,1,0,0
5,student 1,0192958d-8f9d-78b2-bd56-0f3e6abbe477,01955892-67b3-7517-ba11-915300f72e47,SN2-1,FS01,PE02,PÉRIARTHROPATHIE ARTHROSE ,Urgences avant SN1,SN2 avant Pôle femme,non,Rhumatologie,PEC-ttt,PEC-ttt,Item 129,C4,1,0,0
6,student 1,0192958d-8f9d-78b2-bd56-0f3e6abbe477,01955893-1e0e-7bc4-b1bc-5d643dd56e1c,SN2-1,FS01,PE02,ANXIÉTÉ -ANGOISSE,Urgences avant SN1,SN2 avant Pôle femme,non,Psychiatrie,PEC-ttt,PEC-ttt,Item 66,C4,1,0,0
7,student 1,0192958d-8f9d-78b2-bd56-0f3e6abbe477,01955893-ee29-7cd1-b3ad-6d04dc866c16,SN2-1,FS02,PE02,ECZÉMA,Urgences avant SN1,SN2 avant Pôle femme,non,Dermatologie,PEC-ttt,PEC-ttt,Item 330,C4,1,0,0
8,student 1,0192958d-8f9d-78b2-bd56-0f3e6abbe477,019562f0-099e-743d-af36-32655e5c50ae,SN2-1,FS08,PE08,PROCÉDURE ADMINISTRATIVE,Urgences avant SN1,SN2 avant Pôle femme,non,Santé publique (Administratif/Social),Administratif-Social,Autre,Item 184,C5,0,0,1
9,student 1,0192958d-8f9d-78b2-bd56-0f3e6abbe477,01959f4f-a850-7dc1-9a7e-b1646cde346d,SN2-1,FS02,PE08,IATROGÈNE - EFFET INDÉSIRABLE D’UNE THÉRAPEUTIQUE,Urgences avant SN1,SN2 avant Pôle femme,non,Gastroentérologie,PEC-ttt,PEC-ttt,Item 271,C2,1,0,0
10,student 2,01929592-9985-7fa6-b2b6-f9bcc7b9b408,01933f79-dbc2-7a63-85a2-b4eb11b74b4d,SN2-1,FS08,PE05,PROCÉDURE ADMINISTRATIVE,Urgences avant SN1,SN2 avant Pôle femme,non,Santé publique (Administratif/Social),Administratif-Social,Autre,Item 19,C6,0,0,1
11,student 2,01929592-9985-7fa6-b2b6-f9bcc7b9b408,019359bc-b0b7-75ce-b469-40d92fad3382,SN2-1,FS10,PE05,PROCÉDURE ADMINISTRATIVE,Urgences avant SN1,SN2 avant Pôle femme,non,Santé publique (Administratif/Social),Administratif-Social,Autre,Item 139,C5,0,0,1
12,student 2,01929592-9985-7fa6-b2b6-f9bcc7b9b408,019455f8-cfcf-7a56-8db1-2758e471c6d9,SN2-1,FS08,PE01,,Urgences avant SN1,SN2 avant Pôle femme,non,Ethique/Communication/Relation,Ethique-Communication-Relation,Autre,Item 1,C6,0,0,1
13,student 2,01929592-9985-7fa6-b2b6-f9bcc7b9b408,0194c8d3-631a-7be6-b06d-744a50074684,SN2-1,FS02,PE03,ANGINE (AMYGDALITE -PHARYNGITE),Urgences avant SN1,SN2 avant Pôle femme,non,ORL,PEC-ttt,PEC-ttt,Item 149,C4,1,0,0
14,student 2,01929592-9985-7fa6-b2b6-f9bcc7b9b408,0194c8d9-d135-7100-837f-853a512ab8eb,SN2-1,FS04,PE05,PROCÉDURE ADMINISTRATIVE,Urgences avant SN1,SN2 avant Pôle femme,non,Santé publique (Administratif/Social),Administratif-Social,Autre,Item 188,C5,0,0,1
15,student 2,01929592-9985-7fa6-b2b6-f9bcc7b9b408,0194f07f-c0ff-71f4-9c31-3ffa96266fbd,SN2-1,FS04,PE10,VACCINATION,Urgences avant SN1,SN2 avant Pôle femme,non,Pédiatrie,PEC-ttt,PEC-ttt,Item 146,C3,1,0,0
16,student 2,01929592-9985-7fa6-b2b6-f9bcc7b9b408,0194f081-69e2-7459-b1f0-c8b7db83aa77,SN2-1,FS01,PE08,,Urgences avant SN1,SN2 avant Pôle femme,non,Ethique/Communication/Relation,Ethique-Communication-Relation,Autre,Item 1,C1,0,0,1
17,student 2,01929592-9985-7fa6-b2b6-f9bcc7b9b408,0194f082-4d5a-7673-a1e0-fc3d83e21ad5,SN2-1,FS01,PE08,,Urgences avant SN1,SN2 avant Pôle femme,non,Ethique/Communication/Relation,Ethique-Communication-Relation,Autre,Item 1,C1,0,0,1
18,student 2,01929592-9985-7fa6-b2b6-f9bcc7b9b408,0194f084-283e-7e44-b39b-56f7b41e1ed9,SN2-1,FS05,PE07,COL UTÉRIN (ANOMALIE DU),Urgences avant SN1,SN2 avant Pôle femme,non,Gynécologie,PEC-ttt,PEC-ttt,Item 162,C4,1,0,0
19,student 2,01929592-9985-7fa6-b2b6-f9bcc7b9b408,0194f085-34ca-7f50-a18e-ac84def053fe,SN2-1,FS09,PE04,,Urgences avant SN1,SN2 avant Pôle femme,non,Ethique/Communication/Relation,Ethique-Communication-Relation,Autre,Item 1,C1,0,0,1
20,student 3,01929599-0f31-7169-a278-66758797c184,01943bac-137f-72cc-bfc3-01d6cad46d6f,SN2-1,FS04,PE01,ZONA,Urgences avant SN1,SN2 avant Pôle femme,non,Pédiatrie,Diag+PEC,Diag+PEC,Item 168,C4,1,1,0
21,student 3,01929599-0f31-7169-a278-66758797c184,01943bad-1d74-7fa1-8807-c4d6b8f71528,SN2-1,FS05,PE01,VULVITE - VAGINITE,Urgences avant SN1,SN2 avant Pôle femme,non,Gynécologie,PEC-ttt,PEC-ttt,Item 155,C4,1,0,0
22,student 3,01929599-0f31-7169-a278-66758797c184,01943bae-a300-77bf-bcbd-f3397195acda,SN2-1,FS01,PE01,ANOREXIE -BOULIMIE,Urgences avant SN1,SN2 avant Pôle femme,non,Psychiatrie,PEC-ttt,PEC-ttt,Item 71,C4,1,0,0
23,student 3,01929599-0f31-7169-a278-66758797c184,01943bb0-2842-7010-bb7f-b35bdff4e318,SN2-1,FS02,PE07,ENTORSE,Urgences avant SN1,SN2 avant Pôle femme,non,Orthopédie,PEC-ttt,PEC-ttt,Item 361,C4,1,0,0
24,student 3,01929599-0f31-7169-a278-66758797c184,0194ad68-79df-7eaa-b19b-fbff9b5fea04,SN2-1,FS11,PE02,DÉPISTAGE ET PRÉVENTION,Urgences avant SN1,SN2 avant Pôle femme,non,Infectiologie,PEC-ttt,PEC-ttt,Item 175,C3,1,0,0
25,student 3,01929599-0f31-7169-a278-66758797c184,019532cc-4faa-79ff-bbb7-e300c5592891,SN2-1,FS01,PE05,PROCÉDURE ADMINISTRATIVE,Urgences avant SN1,SN2 avant Pôle femme,non,Santé publique (Administratif/Social),Administratif-Social,Autre,Item 105,C5,0,0,1
26,student 3,01929599-0f31-7169-a278-66758797c184,019532ce-f2ff-7587-8238-e927dbef6774,SN2-1,FS02,PE10,PANARIS,Urgences avant SN1,SN2 avant Pôle femme,non,Dermatologie,PEC-ttt,PEC-ttt,Item 349,C4,1,0,0
27,student 3,01929599-0f31-7169-a278-66758797c184,01953338-1af2-7865-839a-c3bc42e55007,SN2-1,FS04,PE06,OTITE MOYENNE,Urgences avant SN1,SN2 avant Pôle femme,non,ORL,PEC-ttt,PEC-ttt,Item 150,C4,1,0,0
28,student 3,01929599-0f31-7169-a278-66758797c184,0195338f-9e52-7c38-8c6a-c26c4628d497,SN2-1,FS06,PE01,DÉPRESSION,Urgences avant SN1,SN2 avant Pôle femme,non,Psychiatrie,Diagnostic,Diagnostic,Item 69,C4,0,1,0
29,student 3,01929599-0f31-7169-a278-66758797c184,0195849f-df5e-7d85-95d4-3cbff1aa8431,SN2-1,FS02,PE08,,Urgences avant SN1,SN2 avant Pôle femme,non,Ethique/Communication/Relation,Ethique-Communication-Relation,Autre,Item 1,C1,0,0,1
30,student 3,01929599-0f31-7169-a278-66758797c184,019657c3-f219-7cb5-9b9e-5b9058b5fba1,SN2-1,FS02,PE08,,Urgences avant SN1,SN2 avant Pôle femme,non,Ethique/Communication/Relation,Ethique-Communication-Relation,Autre,Item 1,C1,0,0,1
31,student 4,01929596-2a62-7810-ab08-9088d7f2555e,01934855-5099-7b5f-9cad-577d3b7b7560,SN2-1,FS02,PE10,,Urgences avant SN1,SN2 avant Pôle femme,non,Ethique/Communication/Relation,Ethique-Communication-Relation,Autre,Item 1,C1,0,0,1
32,student 4,01929596-2a62-7810-ab08-9088d7f2555e,019367b1-b3a1-7ba4-aa5d-d50ab9c6745d,SN2-1,FS01,PE01,ACNÉ VULGAIRE,Urgences avant SN1,SN2 avant Pôle femme,non,Dermatologie,PEC-ttt,PEC-ttt,Item 111,C4,1,0,0
33,student 4,01929596-2a62-7810-ab08-9088d7f2555e,0193bec8-c90e-783f-81b1-88ad0ee79d47,SN2-1,FS04,PE07,VACCINATION,Urgences avant SN1,SN2 avant Pôle femme,non,Pédiatrie,PEC-ttt,PEC-ttt,Item 146,C3,1,0,0
34,student 4,01929596-2a62-7810-ab08-9088d7f2555e,0193d5af-9062-78ae-8fdd-ea8eefbe5e3a,SN2-1,FS08,PE05,PROCÉDURE ADMINISTRATIVE,Urgences avant SN1,SN2 avant Pôle femme,non,Santé publique (Administratif/Social),Administratif-Social,Autre,Item 7,C1,0,0,1
35,student 4,01929596-2a62-7810-ab08-9088d7f2555e,0194540c-ef4b-740b-9d10-fffe71bfc0d6,SN2-1,FS03,PE08,,Urgences avant SN1,SN2 avant Pôle femme,non,Ethique/Communication/Relation,Ethique-Communication-Relation,Autre,Item 1,C1,0,0,1
36,student 4,01929596-2a62-7810-ab08-9088d7f2555e,01946f38-c2f6-7307-8684-7352e7588d65,SN2-1,FS05,PE01,CONTRACEPTION,Urgences avant SN1,SN2 avant Pôle femme,non,Gynécologie,PEC-ttt,PEC-ttt,Item 36,C4,1,0,0
37,student 4,01929596-2a62-7810-ab08-9088d7f2555e,0194ca83-4243-7832-b802-ad62a2ee77b5,SN2-1,FS08,PE05,PROCÉDURE ADMINISTRATIVE,Urgences avant SN1,SN2 avant Pôle femme,non,Santé publique (Administratif/Social),Administratif-Social,Autre,Item 7,C6,0,0,1
38,student 4,01929596-2a62-7810-ab08-9088d7f2555e,01950857-e944-7d0d-83dd-3af5c99a3d6d,SN2-1,FS02,PE03,URTICAIRE,Urgences avant SN1,SN2 avant Pôle femme,non,Dermatologie,Diagnostic,Diagnostic,Item 187,C4,0,1,0
39,student 4,01929596-2a62-7810-ab08-9088d7f2555e,01953be0-f449-7b17-941a-9731856665dc,SN2-1,FS02,PE03,IATROGÈNE - EFFET INDÉSIRABLE D’UNE THÉRAPEUTIQUE,Urgences avant SN1,SN2 avant Pôle femme,non,Pneumologie,PEC-ttt,PEC-ttt,Item 188,C2,1,0,0
40,student 4,01929596-2a62-7810-ab08-9088d7f2555e,01955d2b-d5a1-7f26-9b73-cf674e7f3f43,SN2-1,FS01,PE01,HTA,Urgences avant SN1,SN2 avant Pôle femme,non,Ethique/Communication/Relation,Ethique-Communication-Relation,Autre,Item 324,C1,0,0,1
41,student 5,0192959a-ad40-7724-906a-46e48054280a,0192fee6-b0c0-7948-b9db-b95774aadc5f,SN2-1,FS08,PE05,PROCÉDURE ADMINISTRATIVE,Urgences avant SN1,SN2 avant Pôle femme,oui,Santé publique (Administratif/Social),Administratif-Social,Autre,Item 16,C6,0,0,1
42,student 5,0192959a-ad40-7724-906a-46e48054280a,019367fc-1531-78b4-93f5-176c248c57ad,SN2-1,FS01,PE01,ANOMALIE BIOLOGIQUE SANGUINE,Urgences avant SN1,SN2 avant Pôle femme,oui,Infectiologie,Diagnostic,Diagnostic,Item 185,C5,0,1,0
43,student 5,0192959a-ad40-7724-906a-46e48054280a,01943a9d-b663-770b-8284-c938b04b28b5,SN2-1,FS08,PE05,,Urgences avant SN1,SN2 avant Pôle femme,oui,Ethique/Communication/Relation,Ethique-Communication-Relation,Autre,Item 2,C6,0,0,1
44,student 5,0192959a-ad40-7724-906a-46e48054280a,01943d7e-f5ac-7c47-8f91-c4752ab37e3f,SN2-1,FS03,PE06,DÉPRESSION,Urgences avant SN1,SN2 avant Pôle femme,oui,Psychiatrie,PEC-ttt,PEC-ttt,Item 353,C4,1,0,0
45,student 5,0192959a-ad40-7724-906a-46e48054280a,0194463e-3937-78aa-9b90-b8ebfe4b4f0e,SN2-1,FS09,PE02,DIABÈTE DE TYPE 2,Urgences avant SN1,SN2 avant Pôle femme,oui,Endocrinologie,PEC-ttt,PEC-ttt,Item 247,C4,1,0,0
46,student 5,0192959a-ad40-7724-906a-46e48054280a,01950476-b573-7a19-9ed2-0e71e35c463a,SN2-1,FS04,PE01,SCOLIOSE-ATTITUDE SCOLIOTIQUE,Urgences avant SN1,SN2 avant Pôle femme,oui,Orthopédie,Diag+PEC,Diag+PEC,Item 94,C4,1,1,0
47,student 5,0192959a-ad40-7724-906a-46e48054280a,01950477-93a1-7e2d-8de0-7509bf30f6a7,SN2-1,FS05,PE06,,Urgences avant SN1,SN2 avant Pôle femme,oui,Gynécologie,Diag+PEC,Diag+PEC,Item 166,C2,1,1,0
48,student 5,0192959a-ad40-7724-906a-46e48054280a,0195047a-0ce4-7656-aea9-4af4144b8e8c,SN2-1,FS03,PE02,HÉMORROÏDE,Urgences avant SN1,SN2 avant Pôle femme,oui,Gastroentérologie,PEC-ttt,PEC-ttt,Item 288,C4,1,0,0
49,student 6,0192958f-d1a3-7d57-a285-7207a0b37732,0193773f-6400-7aa7-82bb-61f395bd7d44,SN2-1,FS05,PE01,GROSSESSE,Urgences avant SN1,SN2 avant Pôle femme,non,Gynécologie,PEC-ttt,PEC-ttt,Item 23,C4,1,0,0
50,student 6,0192958f-d1a3-7d57-a285-7207a0b37732,01937760-b4ba-77ff-967c-f94c3976ec32,SN2-1,FS03,PE06,ANGINE (AMYGDALITE -PHARYNGITE),Urgences avant SN1,SN2 avant Pôle femme,non,ORL,PEC-ttt,PEC-ttt,Item 149,C4,1,0,0
51,student 6,0192958f-d1a3-7d57-a285-7207a0b37732,0193bb05-807e-7b2e-be2d-51ee3cf60fbc,SN2-1,FS06,PE02,INSOMNIE,Urgences avant SN1,SN2 avant Pôle femme,non,Psychiatrie,PEC-ttt,PEC-ttt,Item 110,C4,1,0,0
52,student 6,0192958f-d1a3-7d57-a285-7207a0b37732,0193bb0a-3801-73a8-9a5a-830c006645ec,SN2-1,FS08,PE09,PROCÉDURE ADMINISTRATIVE,Urgences avant SN1,SN2 avant Pôle femme,non,Santé publique (Administratif/Social),Administratif-Social,Autre,Item 13,C5,0,0,1
53,student 6,0192958f-d1a3-7d57-a285-7207a0b37732,0193c639-8a50-737e-ae37-c889507b559a,SN2-1,FS08,PE09,PROCÉDURE ADMINISTRATIVE,Urgences avant SN1,SN2 avant Pôle femme,non,Santé publique (Administratif/Social),Administratif-Social,Autre,Item 16,C6,0,0,1
54,student 6,0192958f-d1a3-7d57-a285-7207a0b37732,0193c639-f604-7316-ad5a-884c2899ba5e,SN2-1,FS09,PE07,ÉPISTAXIS,Urgences avant SN1,SN2 avant Pôle femme,non,ORL,Diag+PEC,Diag+PEC,Item 87,C4,1,1,0
55,student 6,0192958f-d1a3-7d57-a285-7207a0b37732,01948f68-1d9d-791a-9c65-3e4c618b1edb,SN2-1,FS03,PE08,,Urgences avant SN1,SN2 avant Pôle femme,non,Ethique/Communication/Relation,Ethique-Communication-Relation,Autre,Item 1,C1,0,0,1
56,student 6,0192958f-d1a3-7d57-a285-7207a0b37732,0194e62c-c724-79c1-87ea-c9c67545d8b8,SN2-1,FS06,PE02,DÉPRESSION,Urgences avant SN1,SN2 avant Pôle femme,non,Psychiatrie,PEC-ttt,PEC-ttt,Item 74,C4,1,0,0
57,student 6,0192958f-d1a3-7d57-a285-7207a0b37732,0195236e-02f7-72ea-a1bf-b7d10519d7ed,SN2-1,FS02,PE10,THROMBOPHLÉBITE,Urgences avant SN1,SN2 avant Pôle femme,non,Cardiologie,PEC-ttt,PEC-ttt,Item 226,C4,1,0,0
58,student 6,0192958f-d1a3-7d57-a285-7207a0b37732,0195b7bd-71b7-7bed-89fd-f0845809a7ce,SN2-1,FS01,PE08,DÉPRESSION,Urgences avant SN1,SN2 avant Pôle femme,non,Psychiatrie,PEC-ttt,PEC-ttt,Item 66,C2,1,0,0
59,student 7,01929597-8388-71bc-a8ba-24bf196ec51a,0193b696-e53b-70a0-8088-674d7ffb3702,SN2-1,FS03,PE09,SINUSITE,SN1 avant Urgences,SN2 avant Pôle femme,oui,ORL,Diagnostic,Diagnostic,Item 148,C5,0,1,0
60,student 7,01929597-8388-71bc-a8ba-24bf196ec51a,0194457b-2c69-72a1-b09f-c36f7f6de6c0,SN2-1,FS03,PE06,DIARRHÉE - NAUSÉE - VOMISSEMENT,SN1 avant Urgences,SN2 avant Pôle femme,oui,Gastroentérologie,Diagnostic,Diagnostic,Item 176,C5,0,1,0
61,student 7,01929597-8388-71bc-a8ba-24bf196ec51a,019446e4-6e45-7685-83eb-88372904fe11,SN2-1,FS02,PE01,TOUX,SN1 avant Urgences,SN2 avant Pôle femme,oui,Pneumologie,Diag+PEC,Diag+PEC,Item 204,C4,1,1,0
62,student 7,01929597-8388-71bc-a8ba-24bf196ec51a,01944b98-5367-7717-a370-7d0163fbaa81,SN2-1,FS08,PE05,PROCÉDURE ADMINISTRATIVE,SN1 avant Urgences,SN2 avant Pôle femme,oui,Santé publique (Administratif/Social),Administratif-Social,Autre,Item 13,C6,0,0,1
63,student 7,01929597-8388-71bc-a8ba-24bf196ec51a,019484a2-3fdf-754a-8f4e-d75d98856b50,SN2-1,FS03,PE06,TÉNOSYNOVITE,SN1 avant Urgences,SN2 avant Pôle femme,oui,Orthopédie,PEC-ttt,PEC-ttt,Item 361,C4,1,0,0
64,student 7,01929597-8388-71bc-a8ba-24bf196ec51a,019498f5-ca59-7dfe-a65d-605bb380ec80,SN2-1,FS08,PE05,PROCÉDURE ADMINISTRATIVE,SN1 avant Urgences,SN2 avant Pôle femme,oui,Santé publique (Administratif/Social),Administratif-Social,Autre,Item 17,C5,0,0,1
65,student 7,01929597-8388-71bc-a8ba-24bf196ec51a,0194d607-9c55-7b4f-a4eb-01e2d5de9d8d,SN2-1,FS08,PE05,PROCÉDURE ADMINISTRATIVE,SN1 avant Urgences,SN2 avant Pôle femme,oui,Santé publique (Administratif/Social),Administratif-Social,Autre,Item 17,C5,0,0,1
66,student 7,01929597-8388-71bc-a8ba-24bf196ec51a,01952a29-4a36-7ea7-8e54-346a7618f844,SN2-1,FS04,PE01,PROCÉDURE ADMINISTRATIVE,SN1 avant Urgences,SN2 avant Pôle femme,oui,Pédiatrie,Administratif-Social,Autre,Item 56,C5,0,0,1
67,student 7,01929597-8388-71bc-a8ba-24bf196ec51a,01953752-0a21-7c2f-bb91-97e97ec663eb,SN2-1,FS01,PE05,PROCÉDURE ADMINISTRATIVE,SN1 avant Urgences,SN2 avant Pôle femme,oui,Santé publique (Administratif/Social),Administratif-Social,Autre,Item 139,C5,0,0,1
68,student 7,01929597-8388-71bc-a8ba-24bf196ec51a,019537a0-45c4-736e-962b-d55bd4f3bde9,SN2-1,FS03,PE06,DÉPRESSION,SN1 avant Urgences,SN2 avant Pôle femme,oui,Psychiatrie,PEC-ttt,PEC-ttt,Item 353,C2,1,0,0
69,student 8,01929597-d909-7c26-b5b4-ec3cd9ff8a16,01942775-2bf3-73eb-883f-f448b6a744e5,SN2-1,FS04,PE10,SCOLIOSE-ATTITUDE SCOLIOTIQUE,SN1 avant Urgences,SN2 avant Pôle femme,oui,Pédiatrie,Diagnostic,Diagnostic,Item 94,C3,0,1,0
70,student 8,01929597-d909-7c26-b5b4-ec3cd9ff8a16,01945b9f-64f8-7c6d-b0c4-5befbd9bff59,SN2-1,FS04,PE09,VACCINATION,SN1 avant Urgences,SN2 avant Pôle femme,oui,Pédiatrie,PEC-ttt,PEC-ttt,Item 146,C3,1,0,0
71,student 8,01929597-d909-7c26-b5b4-ec3cd9ff8a16,0194ebed-59f6-79db-8514-73a358f77590,SN2-1,FS05,PE01,CONTRACEPTION,SN1 avant Urgences,SN2 avant Pôle femme,oui,Gynécologie,PEC-ttt,PEC-ttt,Item 94,C4,1,0,0
72,student 8,01929597-d909-7c26-b5b4-ec3cd9ff8a16,0194eca8-02bf-7b41-a0a6-c586f0498302,SN2-1,FS05,PE10,POST- PARTUM (COMPLICATION),SN1 avant Urgences,SN2 avant Pôle femme,oui,Pédiatrie,PEC-ttt,PEC-ttt,Item 33,C4,1,0,0
73,student 8,01929597-d909-7c26-b5b4-ec3cd9ff8a16,01954940-45ea-7490-8bab-3ad38788b7aa,SN2-1,FS01,PE06,FIBRILLATION - FLUTTER AURICULAIRES,SN1 avant Urgences,SN2 avant Pôle femme,oui,Cardiologie,Diag+PEC,Diag+PEC,Item 232,C4,1,1,0
74,student 8,01929597-d909-7c26-b5b4-ec3cd9ff8a16,0195c42c-270d-77bb-8300-6d20e6cc5411,SN2-1,FS08,PE05,PROCÉDURE ADMINISTRATIVE,SN1 avant Urgences,SN2 avant Pôle femme,oui,Santé publique (Administratif/Social),Administratif-Social,Autre,Item 16,C5,0,0,1
75,student 8,01929597-d909-7c26-b5b4-ec3cd9ff8a16,0195e82c-65f0-75e8-902d-3c177c83a6a8,SN2-1,FS03,PE02,TOUX,SN1 avant Urgences,SN2 avant Pôle femme,oui,Pneumologie,PEC-ttt,PEC-ttt,Item 204,C4,1,0,0
76,student 8,01929597-d909-7c26-b5b4-ec3cd9ff8a16,0195fc53-5e6f-7d79-8618-ce86625bde91,SN2-1,FS10,PE06,GALE,SN1 avant Urgences,SN2 avant Pôle femme,oui,Dermatologie,PEC-ttt,PEC-ttt,Item 171,C4,1,0,0
77,student 8,01929597-d909-7c26-b5b4-ec3cd9ff8a16,019606a3-dfe8-7532-82b7-cdad2e605919,SN2-1,FS02,PE01,ANOMALIE BIOLOGIQUE SANGUINE,SN1 avant Urgences,SN2 avant Pôle femme,oui,Gastroentérologie,Diagnostic,Diagnostic,,C5,0,1,0
78,student 8,01929597-d909-7c26-b5b4-ec3cd9ff8a16,01962b32-5964-7d86-860c-b7e0a3e308f0,SN2-1,FS01,PE06,HTA,SN1 avant Urgences,SN2 avant Pôle femme,oui,Cardiologie,PEC-ttt,PEC-ttt,Item 224,C4,1,0,0
79,student 9,01929595-394f-7506-b0bf-4a23ed389fb7,01940e4b-9ae7-788b-931c-d27eda1d1eef,SN2-1,FS02,PE10,TENDON (RUPTURE),Urgences avant SN1,SN2 avant Pôle femme,non,Orthopédie,Diag+PEC,Diag+PEC,Item 361,C4,1,1,0
80,student 9,01929595-394f-7506-b0bf-4a23ed389fb7,01940e4c-5f7d-7f82-976d-0ec7a80bcd47,SN2-1,FS03,PE09,CYSTITE - CYSTALGIE,Urgences avant SN1,SN2 avant Pôle femme,non,Urologie,Diag+PEC,Diag+PEC,Item 161,C4,1,1,0
81,student 9,01929595-394f-7506-b0bf-4a23ed389fb7,0194a013-a7a2-7fb2-bfbb-fc31166fc093,SN2-1,FS03,PE08,,Urgences avant SN1,SN2 avant Pôle femme,non,Ethique/Communication/Relation,Ethique-Communication-Relation,Autre,Item 1,C1,0,0,1
82,student 9,01929595-394f-7506-b0bf-4a23ed389fb7,0194a014-047c-7535-8d92-e5454cbcd30d,SN2-1,FS04,PE08,,Urgences avant SN1,SN2 avant Pôle femme,non,Ethique/Communication/Relation,Ethique-Communication-Relation,Autre,Item 1,C1,0,0,1
83,student 9,01929595-394f-7506-b0bf-4a23ed389fb7,0194b73c-7263-7461-8722-aadf910e3741,SN2-1,FS02,PE02,URTICAIRE,Urgences avant SN1,SN2 avant Pôle femme,non,Médecine Interne - Immuno,Diagnostic,Diagnostic,Item 186,C4,0,1,0
84,student 9,01929595-394f-7506-b0bf-4a23ed389fb7,0195b4a3-e45f-71aa-a445-aca387651151,SN2-1,FS08,PE05,PROCÉDURE ADMINISTRATIVE,Urgences avant SN1,SN2 avant Pôle femme,non,Neurologie,Administratif-Social,Autre,Item 119,C5,0,0,1
85,student 9,01929595-394f-7506-b0bf-4a23ed389fb7,0195b4a5-b8cb-7e21-94f4-ca81cfb77a3d,SN2-1,FS10,PE06,ENGELURE,Urgences avant SN1,SN2 avant Pôle femme,non,Dermatologie,Diag+PEC,Diag+PEC,Item 239,C4,1,1,0
86,student 9,01929595-394f-7506-b0bf-4a23ed389fb7,0195d87d-9fc7-731b-8aed-4c30ca317d48,SN2-1,FS08,PE05,PROCÉDURE ADMINISTRATIVE,Urgences avant SN1,SN2 avant Pôle femme,non,Santé publique (Administratif/Social),Administratif-Social,Autre,Item 11,C5,0,0,1
87,student 9,01929595-394f-7506-b0bf-4a23ed389fb7,019625a7-2955-7efb-80e8-aaba0d0b5fec,SN2-1,FS05,PE01,MÉNOPAUSE (PROBLÈME ET SUIVI),Urgences avant SN1,SN2 avant Pôle femme,non,Gynécologie,Diagnostic,Diagnostic,Item 124,C4,0,1,0
88,student 9,01929595-394f-7506-b0bf-4a23ed389fb7,0196385f-aef0-7cc6-bf4e-29059d7a4c19,SN2-1,FS02,PE05,PROCÉDURE ADMINISTRATIVE,Urgences avant SN1,SN2 avant Pôle femme,non,Santé publique (Administratif/Social),Administratif-Social,Autre,Item 19,C5,0,0,1
89,student 10,01929593-f57b-73d0-bb2f-e9fd6b6ea4b5,01944b96-d2e9-7fe8-a450-a270e429de4e,SN2-1,FS03,PE06,,SN1 avant Urgences,SN2 avant Pôle femme,non,Ethique/Communication/Relation,Ethique-Communication-Relation,Autre,Item 1,C1,0,0,1
90,student 10,01929593-f57b-73d0-bb2f-e9fd6b6ea4b5,01944bad-bf0d-7ffc-98b3-d1b92ade0b7d,SN2-1,FS03,PE04,,SN1 avant Urgences,SN2 avant Pôle femme,non,Ethique/Communication/Relation,Ethique-Communication-Relation,Autre,Item 1,C1,0,0,1
91,student 10,01929593-f57b-73d0-bb2f-e9fd6b6ea4b5,01944bb2-c5fa-7d06-9ad5-6101aff18eb6,SN2-1,FS05,PE05,PROCÉDURE ADMINISTRATIVE,SN1 avant Urgences,SN2 avant Pôle femme,non,Santé publique (Administratif/Social),Administratif-Social,Autre,Item 19,C5,0,0,1
92,student 10,01929593-f57b-73d0-bb2f-e9fd6b6ea4b5,01944bf4-1562-70d9-a764-da7c0a3023f2,SN2-1,FS11,PE01,,SN1 avant Urgences,SN2 avant Pôle femme,non,Ethique/Communication/Relation,Ethique-Communication-Relation,Autre,Item 1,C1,0,0,1
93,student 10,01929593-f57b-73d0-bb2f-e9fd6b6ea4b5,0194a6e6-293d-7e37-abb8-9ed3f6daa623,SN2-1,FS08,PE10,PROCÉDURE ADMINISTRATIVE,SN1 avant Urgences,SN2 avant Pôle femme,non,Santé publique (Administratif/Social),Administratif-Social,Autre,Item 16,C6,0,0,1
94,student 10,01929593-f57b-73d0-bb2f-e9fd6b6ea4b5,0194a6e9-a9cb-79ca-bf31-a1b3391262e3,SN2-1,FS01,PE02,VACCINATION,SN1 avant Urgences,SN2 avant Pôle femme,non,Infectiologie,PEC-ttt,PEC-ttt,Item 146,C3,1,0,0
95,student 10,01929593-f57b-73d0-bb2f-e9fd6b6ea4b5,0194a6ed-0cdb-7c0d-9297-b9a2de3310c8,SN2-1,FS06,PE10,DÉPRESSION,SN1 avant Urgences,SN2 avant Pôle femme,non,Psychiatrie,PEC-ttt,PEC-ttt,Item 74,C4,1,0,0
96,student 10,01929593-f57b-73d0-bb2f-e9fd6b6ea4b5,019537f4-5875-7234-8597-79c0388d8e97,SN2-1,FS07,PE03,IATROGÈNE - EFFET INDÉSIRABLE D’UNE THÉRAPEUTIQUE,SN1 avant Urgences,SN2 avant Pôle femme,non,Psychiatrie,PEC-ttt,PEC-ttt,Item 74,C2,1,0,0
97,student 10,01929593-f57b-73d0-bb2f-e9fd6b6ea4b5,01953806-895e-7743-a877-ba22153afcd8,SN2-1,FS02,PE09,ANÉMIE FERRIPRIVE - CARENCE EN FER,SN1 avant Urgences,SN2 avant Pôle femme,non,Endocrinologie,PEC-ttt,PEC-ttt,Item 219,C4,1,0,0
98,student 10,01929593-f57b-73d0-bb2f-e9fd6b6ea4b5,019546c5-6eb6-70c9-8689-3b2da85ec081,SN2-1,FS01,PE07,DIABÈTE DE TYPE 2,SN1 avant Urgences,SN2 avant Pôle femme,non,Endocrinologie,PEC-ttt,PEC-ttt,Item 247,C3,1,0,0
99,student 10,01929593-f57b-73d0-bb2f-e9fd6b6ea4b5,019547b3-aaff-7bf8-b950-49ba265a30db,SN2-1,FS09,PE04,PLAINTES POLYMORPHES (TROUBLE SOMATOFORME),SN1 avant Urgences,SN2 avant Pôle femme,non,Ethique/Communication/Relation,Ethique-Communication-Relation,Autre,Item 1,C1,0,0,1
100,student 11,01929597-21f2-7c15-bde0-b7153c1b2571,01948ac9-593d-7fa4-92ed-0fffd2d2443d,SN2-1,FS02,PE09,SCIATIQUE,SN1 avant Urgences,SN2 avant Pôle femme,oui,Rhumatologie,PEC-ttt,PEC-ttt,Item 270,C4,1,0,0
101,student 11,01929597-21f2-7c15-bde0-b7153c1b2571,01948aca-5499-7f24-9992-00ff28c693ad,SN2-1,FS01,PE10,DÉPISTAGE ET PRÉVENTION,SN1 avant Urgences,SN2 avant Pôle femme,oui,Urologie,Diagnostic,Diagnostic,Item 290,C3,0,1,0
102,student 11,01929597-21f2-7c15-bde0-b7153c1b2571,0195906d-aa0e-76a0-886f-6f51961aa101,SN2-1,FS02,PE06,LITHIASE URINAIRE,SN1 avant Urgences,SN2 avant Pôle femme,oui,Urologie,Diagnostic,Diagnostic,Item 265,C4,0,1,0
103,student 11,01929597-21f2-7c15-bde0-b7153c1b2571,0195907b-c4b1-757a-87e1-46bf42cb0527,SN2-1,FS02,PE02,TOUX,SN1 avant Urgences,SN2 avant Pôle femme,oui,Pneumologie,PEC-ttt,PEC-ttt,Item 204,C4,1,0,0
104,student 11,01929597-21f2-7c15-bde0-b7153c1b2571,0195907f-31fd-7533-a375-1ff7ea63d966,SN2-1,FS01,PE10,DYSLIPIDÉMIE,SN1 avant Urgences,SN2 avant Pôle femme,oui,Cardiologie,PEC-ttt,PEC-ttt,Item 222,C3,1,0,0
105,student 11,01929597-21f2-7c15-bde0-b7153c1b2571,0195bd65-96c4-7e38-b0bf-dd4b858a5c7c,SN2-1,FS09,PE04,VACCINATION,SN1 avant Urgences,SN2 avant Pôle femme,oui,Pédiatrie,PEC-ttt,PEC-ttt,Item 146,C3,1,0,0
106,student 11,01929597-21f2-7c15-bde0-b7153c1b2571,0195edd9-73bb-7598-85c7-f0766537fc64,SN2-1,FS04,PE10,VARICELLE,SN1 avant Urgences,SN2 avant Pôle femme,oui,Pédiatrie,PEC-ttt,PEC-ttt,Item 164,C4,1,0,0
107,student 11,01929597-21f2-7c15-bde0-b7153c1b2571,0195eddb-0eb6-78b5-95ca-f0d8d11bfdb4,SN2-1,FS01,PE05,PROCÉDURE ADMINISTRATIVE,SN1 avant Urgences,SN2 avant Pôle femme,oui,Santé publique (Administratif/Social),Administratif-Social,Autre,Item 184,C5,0,0,1
108,student 11,01929597-21f2-7c15-bde0-b7153c1b2571,019630df-34d5-7d70-94e9-f8b639952f46,SN2-1,FS02,PE08,,SN1 avant Urgences,SN2 avant Pôle femme,oui,Ethique/Communication/Relation,Ethique-Communication-Relation,Autre,Item 3,C1,0,0,1
109,student 11,01929597-21f2-7c15-bde0-b7153c1b2571,019630f1-2ce2-7e05-b96d-ff09aedf9415,SN2-1,FS02,PE08,,SN1 avant Urgences,SN2 avant Pôle femme,oui,Ethique/Communication/Relation,Ethique-Communication-Relation,Autre,Item 1,C1,0,0,1
110,student 12,0192958f-65fe-7ca7-8b55-3e8f5e7f161b,0195b4bb-e448-758b-bacd-b83b80bd02b2,SN2-1,FS02,PE02,TOUX,SN1 avant Urgences,SN2 avant Pôle femme,oui,Pneumologie,PEC-ttt,PEC-ttt,Item 204,C4,1,0,0
111,student 12,0192958f-65fe-7ca7-8b55-3e8f5e7f161b,0195b4bc-d447-7445-808f-0d9d7934adf0,SN2-1,FS02,PE02,,SN1 avant Urgences,SN2 avant Pôle femme,oui,,PEC-ttt,PEC-ttt,Item 326,C4,1,0,0
112,student 12,0192958f-65fe-7ca7-8b55-3e8f5e7f161b,0195b4be-17ce-7cf5-ab43-acc38d99d5a9,SN2-1,FS01,PE03,IATROGÈNE - EFFET INDÉSIRABLE D’UNE THÉRAPEUTIQUE,SN1 avant Urgences,SN2 avant Pôle femme,oui,Rhumatologie,PEC-ttt,PEC-ttt,Item 129,C5,1,0,0
113,student 12,0192958f-65fe-7ca7-8b55-3e8f5e7f161b,0195b4bf-1d88-74e0-bc06-2d4f6b7f2255,SN2-1,FS02,PE05,PROCÉDURE ADMINISTRATIVE,SN1 avant Urgences,SN2 avant Pôle femme,oui,Santé publique (Administratif/Social),Administratif-Social,Autre,Item 326,C4,0,0,1
114,student 12,0192958f-65fe-7ca7-8b55-3e8f5e7f161b,0195b4bf-ba9d-7bfe-b8c3-81ae5c37ed73,SN2-1,FS02,PE07,CÉRUMEN (BOUCHON DE),SN1 avant Urgences,SN2 avant Pôle femme,oui,ORL,PEC-ttt,PEC-ttt,Item 150,C4,1,0,0
115,student 12,0192958f-65fe-7ca7-8b55-3e8f5e7f161b,01961e7a-b7e4-77d7-ab6a-77c3ea8d6a29,SN2-1,FS02,PE08,,SN1 avant Urgences,SN2 avant Pôle femme,oui,Ethique/Communication/Relation,Ethique-Communication-Relation,Autre,Item 1,C1,0,0,1
116,student 12,0192958f-65fe-7ca7-8b55-3e8f5e7f161b,01961e7b-cbfa-734a-a635-e05b5bccfb79,SN2-1,FS02,PE08,,SN1 avant Urgences,SN2 avant Pôle femme,oui,Ethique/Communication/Relation,Ethique-Communication-Relation,Autre,Item 1,C1,0,0,1
117,student 12,0192958f-65fe-7ca7-8b55-3e8f5e7f161b,01961e7c-9a26-71f2-94c8-1d7ed43672ad,SN2-1,FS02,PE10,ASTHÉNIE - FATIGUE,SN1 avant Urgences,SN2 avant Pôle femme,oui,Médecine Interne - Immuno,Diagnostic,Diagnostic,Item 248,C4,0,1,0
118,student 12,0192958f-65fe-7ca7-8b55-3e8f5e7f161b,01961e7d-bf48-7238-980c-aae78218fb5d,SN2-1,FS08,PE04,,SN1 avant Urgences,SN2 avant Pôle femme,oui,Ethique/Communication/Relation,Ethique-Communication-Relation,Autre,Item 1,C1,0,0,1
119,student 12,0192958f-65fe-7ca7-8b55-3e8f5e7f161b,019625e0-2dab-79aa-ae13-6e4b53fae032,SN2-1,FS10,PE10,SEXUELLE (DYSFONCTION),SN1 avant Urgences,SN2 avant Pôle femme,oui,Psychiatrie,Diag+PEC,Diag+PEC,Item 126,C4,1,1,0
120,student 13,01929590-4754-7f10-9598-f03cab392b81,01937313-0a21-7546-af6c-a3242606d9c7,SN2-1,FS01,PE01,HYPOTHYROÏDIE,SN1 avant Urgences,SN2 avant Pôle femme,non,Endocrinologie,PEC-ttt,PEC-ttt,Item 243,C4,1,0,0
121,student 13,01929590-4754-7f10-9598-f03cab392b81,01938d18-e5c6-7864-a772-736d05848ee6,SN2-1,FS02,PE07,VERTIGE - ÉTAT VERTIGINEUX,SN1 avant Urgences,SN2 avant Pôle femme,non,ORL,PEC-ttt,PEC-ttt,Item 103,C4,1,0,0
122,student 13,01929590-4754-7f10-9598-f03cab392b81,019392bf-6f73-7e52-8966-d2a3a6b3bbbc,SN2-1,FS09,PE02,DÉPRESSION,SN1 avant Urgences,SN2 avant Pôle femme,non,Psychiatrie,PEC-ttt,PEC-ttt,Item 74,C4,1,0,0
123,student 13,01929590-4754-7f10-9598-f03cab392b81,019493ea-1696-7f5b-81fe-9bfeb6300cd7,SN2-1,FS09,PE10,DÉPISTAGE ET PRÉVENTION,SN1 avant Urgences,SN2 avant Pôle femme,non,Urologie,Diagnostic,Diagnostic,Item 290,C3,0,1,0
124,student 13,01929590-4754-7f10-9598-f03cab392b81,0194ad43-502a-7154-9150-52a94deee919,SN2-1,FS09,PE06,TOUX,SN1 avant Urgences,SN2 avant Pôle femme,non,Pneumologie,PEC-ttt,PEC-ttt,Item 204,C4,1,0,0
125,student 13,01929590-4754-7f10-9598-f03cab392b81,0194dc56-0b95-7133-a14b-95a23f701c87,SN2-1,FS01,PE09,DÉPISTAGE ET PRÉVENTION,SN1 avant Urgences,SN2 avant Pôle femme,non,Pneumologie,Diagnostic,Diagnostic,Item 290,C3,0,1,0
126,student 13,01929590-4754-7f10-9598-f03cab392b81,0195392b-53cc-75b4-9543-9535224a09f2,SN2-1,FS01,PE01,DIABÈTE DE TYPE 2,SN1 avant Urgences,SN2 avant Pôle femme,non,Endocrinologie,PEC-ttt,PEC-ttt,Item 247,C3,1,0,0
127,student 13,01929590-4754-7f10-9598-f03cab392b81,0195b3d2-8f32-799b-a689-b079c97ece7c,SN2-1,FS02,PE02,INSOMNIE,SN1 avant Urgences,SN2 avant Pôle femme,non,Neurologie,PEC-ttt,PEC-ttt,Item 110,C4,1,0,0
128,student 13,01929590-4754-7f10-9598-f03cab392b81,0195b492-7e8b-79ef-bd8b-ed1c2280ea4c,SN2-1,FS02,PE03,IATROGÈNE - EFFET INDÉSIRABLE D’UNE THÉRAPEUTIQUE,SN1 avant Urgences,SN2 avant Pôle femme,non,Cardiologie,PEC-ttt,PEC-ttt,Item 224,C2,1,0,0
129,student 13,01929590-4754-7f10-9598-f03cab392b81,0195bf62-7e98-701e-aa71-b98d27b95866,SN2-1,FS09,PE04,,SN1 avant Urgences,SN2 avant Pôle femme,non,Ethique/Communication/Relation,Ethique-Communication-Relation,Autre,Item 1,C1,0,0,1
130,student 14,01929596-afb2-7fc1-bebe-a5123a3ff3a5,0193fdbe-0fb4-7b5c-a627-3b34f381c874,SN2-1,FS01,PE10,,SN1 avant Urgences,SN2 avant Pôle femme,oui,Ethique/Communication/Relation,Ethique-Communication-Relation,Autre,Item 1,C1,0,0,1
131,student 14,01929596-afb2-7fc1-bebe-a5123a3ff3a5,0194ad46-86eb-738a-a3bc-9fa16fc8816b,SN2-1,FS10,PE10,PROCÉDURE ADMINISTRATIVE,SN1 avant Urgences,SN2 avant Pôle femme,oui,Santé publique (Administratif/Social),Administratif-Social,Autre,Item 19,C6,0,0,1
132,student 14,01929596-afb2-7fc1-bebe-a5123a3ff3a5,01950047-15dd-7bc9-8cee-8f115f947d4f,SN2-1,FS02,PE02,ASTHME,SN1 avant Urgences,SN2 avant Pôle femme,oui,Pneumologie,PEC-ttt,PEC-ttt,Item 188,C2,1,0,0
133,student 14,01929596-afb2-7fc1-bebe-a5123a3ff3a5,01956ca6-d68b-72f7-9a2c-7d5c3157842b,SN2-1,FS08,PE10,PROCÉDURE ADMINISTRATIVE,SN1 avant Urgences,SN2 avant Pôle femme,oui,Santé publique (Administratif/Social),Administratif-Social,Autre,Item 13,C6,0,0,1
134,student 14,01929596-afb2-7fc1-bebe-a5123a3ff3a5,01957ba6-9ce5-73dc-b382-f89991167ec1,SN2-1,FS01,PE02,BRONCHITE AIGUË,SN1 avant Urgences,SN2 avant Pôle femme,oui,Pneumologie,PEC-ttt,PEC-ttt,Item 166,C2,1,0,0
135,student 14,01929596-afb2-7fc1-bebe-a5123a3ff3a5,0195b4b4-db4c-7c90-bb94-3bd5a3748520,SN2-1,FS08,PE10,,SN1 avant Urgences,SN2 avant Pôle femme,oui,Ethique/Communication/Relation,Ethique-Communication-Relation,Autre,Item 1,C6,0,0,1
136,student 14,01929596-afb2-7fc1-bebe-a5123a3ff3a5,01962052-b115-78c1-a0d0-1c2f61c194df,SN2-1,FS07,PE10,PROCÉDURE ADMINISTRATIVE,SN1 avant Urgences,SN2 avant Pôle femme,oui,Santé publique (Administratif/Social),Administratif-Social,Autre,Item 184,C6,0,0,1
137,student 14,01929596-afb2-7fc1-bebe-a5123a3ff3a5,01963987-fefb-78ec-81c4-cc4819422514,SN2-1,FS02,PE10,PNEUMOPATHIE AIGUË,SN1 avant Urgences,SN2 avant Pôle femme,oui,Pneumologie,Diagnostic,Diagnostic,Item 154,C5,0,1,0
138,student 14,01929596-afb2-7fc1-bebe-a5123a3ff3a5,019639e4-4f06-73c0-b751-2fa1d447cd4a,SN2-1,FS01,PE02,TOXICOMANIE,SN1 avant Urgences,SN2 avant Pôle femme,oui,Psychiatrie,PEC-ttt,PEC-ttt,Item 78,C5,1,0,0
139,student 14,01929596-afb2-7fc1-bebe-a5123a3ff3a5,01963b29-9b7d-70f7-b4dd-c78f987fd92c,SN2-1,FS02,PE02,SYNDROME DE RAYNAUD,SN1 avant Urgences,SN2 avant Pôle femme,oui,Cardiologie,Diag+PEC,Diag+PEC,Item 239,C4,1,1,0
140,student 15,01929592-17ce-74c3-bd52-0ef1464bc68f,019353ef-5b6c-7dfe-90da-5f191c89d8f9,SN2-1,FS08,PE04,,Urgences avant SN1,SN2 avant Pôle femme,non,Ethique/Communication/Relation,Ethique-Communication-Relation,Autre,Item 1,C1,0,0,1
141,student 15,01929592-17ce-74c3-bd52-0ef1464bc68f,01935db3-b704-7201-9245-3e28a2278e88,SN2-1,FS04,PE10,ASTHME,Urgences avant SN1,SN2 avant Pôle femme,non,Pneumologie,PEC-ttt,PEC-ttt,Item 188,C4,1,0,0
142,student 15,01929592-17ce-74c3-bd52-0ef1464bc68f,0193df18-4508-7235-ad6a-33aa9e0dcb8d,SN2-1,FS08,PE05,PROCÉDURE ADMINISTRATIVE,Urgences avant SN1,SN2 avant Pôle femme,non,Santé publique (Administratif/Social),Administratif-Social,Autre,Item 19,C6,0,0,1
143,student 15,01929592-17ce-74c3-bd52-0ef1464bc68f,01941dbc-a7cc-7f8c-8cb1-096acb647ccc,SN2-1,FS05,PE01,PROCÉDURE ADMINISTRATIVE,Urgences avant SN1,SN2 avant Pôle femme,non,Santé publique (Administratif/Social),Administratif-Social,Autre,Item 19,C5,0,0,1
144,student 15,01929592-17ce-74c3-bd52-0ef1464bc68f,01941def-b29a-71ef-af2a-5129bf142814,SN2-1,FS09,PE04,PROBLÈME FAMILIAL,Urgences avant SN1,SN2 avant Pôle femme,non,Psychiatrie,PEC-ttt,PEC-ttt,Item 73,C3,1,0,0
145,student 15,01929592-17ce-74c3-bd52-0ef1464bc68f,01942b89-36b7-7530-a0ee-9adb606484f1,SN2-1,FS01,PE09,MIGRAINE,Urgences avant SN1,SN2 avant Pôle femme,non,Neurologie,PEC-ttt,PEC-ttt,Item 99,C4,1,0,0
146,student 15,01929592-17ce-74c3-bd52-0ef1464bc68f,0194d217-7634-7f79-98e1-b27e708c1891,SN2-1,FS10,PE08,INSOMNIE,Urgences avant SN1,SN2 avant Pôle femme,non,Psychiatrie,PEC-ttt,PEC-ttt,Item 110,C2,1,0,0
147,student 15,01929592-17ce-74c3-bd52-0ef1464bc68f,0194d23a-ffdb-7813-be3a-f421696aa6d2,SN2-1,FS07,PE10,PROBLÈME PROFESSIONNEL,Urgences avant SN1,SN2 avant Pôle femme,non,Psychiatrie,Diag+PEC,Diag+PEC,Item 182,C5,1,1,0
148,student 15,01929592-17ce-74c3-bd52-0ef1464bc68f,01955d35-c0ac-779b-bcbd-8f1997bdb682,SN2-1,FS01,PE09,DÉMENCE,Urgences avant SN1,SN2 avant Pôle femme,non,Neurologie,Diagnostic,Diagnostic,Item 132,C3,0,1,0
149,student 15,01929592-17ce-74c3-bd52-0ef1464bc68f,01955d56-d5d7-7a9e-8587-a85925e24e88,SN2-1,FS08,PE04,,Urgences avant SN1,SN2 avant Pôle femme,non,Ethique/Communication/Relation,Ethique-Communication-Relation,Autre,Item 1,C1,0,0,1
150,student 16,01961aea-25f7-7d19-84df-da4dc338ffc8,0196c5be-220a-7ec2-bdc4-44b6e204251a,SN2-1,FS03,PE10,ACCIDENT VASCULAIRE CÉRÉBRAL,Urgences avant SN1,Pôle femme avant SN2,oui,Neurologie,Diag+PEC,Diag+PEC,Item 340,C4,1,1,0
151,student 17,0192958d-f721-7f5a-b8b1-6ed9c710ded5,01941d16-9011-777c-ab75-6419eefe0ff5,SN2-1,FS03,PE06,CHEVEUX (CHUTE),Urgences avant SN1,SN2 avant Pôle femme,non,Dermatologie,Diagnostic,Diagnostic,,C4,0,1,0
152,student 17,0192958d-f721-7f5a-b8b1-6ed9c710ded5,01941d27-1a2b-79ea-927e-00ccbc918361,SN2-1,FS02,PE01,ARTHROSE,Urgences avant SN1,SN2 avant Pôle femme,non,Orthopédie,PEC-ttt,PEC-ttt,Item 361,C5,1,0,0
153,student 17,0192958d-f721-7f5a-b8b1-6ed9c710ded5,01941d9a-6408-7a06-86eb-66065e0d2003,SN2-1,FS04,PE01,ANOMALIE POSTURALE,Urgences avant SN1,SN2 avant Pôle femme,non,Orthopédie,PEC-ttt,PEC-ttt,Item 94,C3,1,0,0
154,student 17,0192958d-f721-7f5a-b8b1-6ed9c710ded5,019422c1-e2db-77ff-9283-05a6874efa9c,SN2-1,FS01,PE02,HTA,Urgences avant SN1,SN2 avant Pôle femme,non,Cardiologie,PEC-ttt,PEC-ttt,Item 224,C2,1,0,0
155,student 17,0192958d-f721-7f5a-b8b1-6ed9c710ded5,01952495-46a9-78b5-aa3e-7e75077e83dd,SN2-1,FS01,PE03,IATROGÈNE - EFFET INDÉSIRABLE D’UNE THÉRAPEUTIQUE,Urgences avant SN1,SN2 avant Pôle femme,non,Rhumatologie,PEC-ttt,PEC-ttt,Item 270,C2,1,0,0
156,student 17,0192958d-f721-7f5a-b8b1-6ed9c710ded5,01953e44-1196-7745-b437-eefb2410b4ce,SN2-1,FS02,PE02,PROSTATE (HYPERTROPHIE),Urgences avant SN1,SN2 avant Pôle femme,non,Urologie,PEC-ttt,PEC-ttt,Item 127,C4,1,0,0
157,student 17,0192958d-f721-7f5a-b8b1-6ed9c710ded5,0195ccdc-11b9-7097-a734-b34efa70216b,SN2-1,FS09,PE04,DÉMENCE,Urgences avant SN1,SN2 avant Pôle femme,non,Neurologie,Diagnostic,Diagnostic,Item 132,C3,0,1,0
158,student 17,0192958d-f721-7f5a-b8b1-6ed9c710ded5,019615b4-519b-7527-958f-dd373c3f6798,SN2-1,FS03,PE09,TOUX,Urgences avant SN1,SN2 avant Pôle femme,non,Pneumologie,Diagnostic,Diagnostic,Item 204,C5,0,1,0
159,student 17,0192958d-f721-7f5a-b8b1-6ed9c710ded5,01961f7a-c0e4-7212-9d1e-08df9b052dd9,SN2-1,FS04,PE01,OEIL (TROUBLE DE LA VISION),Urgences avant SN1,SN2 avant Pôle femme,non,Pédiatrie,Diagnostic,Diagnostic,Item 52,C3,0,1,0
160,student 17,0192958d-f721-7f5a-b8b1-6ed9c710ded5,01963478-a20f-7a5f-bcdf-7cf71ed5550f,SN2-1,FS02,PE09,ANXIÉTÉ -ANGOISSE,Urgences avant SN1,SN2 avant Pôle femme,non,Psychiatrie,PEC-ttt,PEC-ttt,Item 352,C2,1,0,0
161,student 18,01929591-a6b1-79c0-b32b-0342076137ce,019315dc-0ed2-7acd-a51d-29cf9cb5af94,SN2-1,FS02,PE09,ÉRYSIPÈLE,SN1 avant Urgences,SN2 avant Pôle femme,non,Dermatologie,PEC-ttt,PEC-ttt,Item 155,C2,1,0,0
162,student 18,01929591-a6b1-79c0-b32b-0342076137ce,019459d5-2d7d-73d1-a634-56bfbb9cc98b,SN2-1,FS06,PE04,,SN1 avant Urgences,SN2 avant Pôle femme,non,Ethique/Communication/Relation,Ethique-Communication-Relation,Autre,Item 1,C1,0,0,1
163,student 18,01929591-a6b1-79c0-b32b-0342076137ce,01946563-f428-7262-bf58-9fa83bd6adaa,SN2-1,FS07,PE07,VACCINATION,SN1 avant Urgences,SN2 avant Pôle femme,non,Infectiologie,PEC-ttt,PEC-ttt,Item 175,C3,1,0,0
164,student 18,01929591-a6b1-79c0-b32b-0342076137ce,01946584-2c79-7d29-a3d8-c0ffde42b650,SN2-1,FS08,PE05,?,SN1 avant Urgences,SN2 avant Pôle femme,non,Santé publique (Administratif/Social),Administratif-Social,Autre,,C6,0,0,1
165,student 18,01929591-a6b1-79c0-b32b-0342076137ce,019478e5-ca5d-7aa1-a5a1-a0a1e8ddd3bc,SN2-1,FS01,PE01,DYSLIPIDÉMIE,SN1 avant Urgences,SN2 avant Pôle femme,non,Cardiologie,Diag+PEC,Diag+PEC,Item 223,C3,1,1,0
166,student 18,01929591-a6b1-79c0-b32b-0342076137ce,019537ad-6e45-7008-9d28-4fca78e3feb9,SN2-1,FS05,PE07,DÉPISTAGE ET PRÉVENTION,SN1 avant Urgences,SN2 avant Pôle femme,non,Gynécologie,Diagnostic,Diagnostic,Item 290,C3,0,1,0
167,student 18,01929591-a6b1-79c0-b32b-0342076137ce,0195c91b-2f27-7025-9fb1-1fd2d48f5503,SN2-1,FS01,PE01,DÉPRESSION,SN1 avant Urgences,SN2 avant Pôle femme,non,Psychiatrie,PEC-ttt,PEC-ttt,Item 74,C1,1,0,0
168,student 18,01929591-a6b1-79c0-b32b-0342076137ce,0195ce3f-9f97-7a13-8c3f-7ff6e127bd6d,SN2-1,FS02,PE01,ADÉNOPATHIE,SN1 avant Urgences,SN2 avant Pôle femme,non,Hématologie,Diagnostic,Diagnostic,Item 319,C2,0,1,0
169,student 18,01929591-a6b1-79c0-b32b-0342076137ce,0195d2dc-d3f8-7fd1-8c40-69e978d1e8da,SN2-1,FS10,PE02,ALCOOL (PROBLÈME AVEC L’),SN1 avant Urgences,SN2 avant Pôle femme,non,Psychiatrie,PEC-ttt,PEC-ttt,Item 76,C2,1,0,0
170,student 18,01929591-a6b1-79c0-b32b-0342076137ce,0195d31e-30c5-7581-a7c1-25516f6deee9,SN2-1,FS08,PE05,PROCÉDURE ADMINISTRATIVE,SN1 avant Urgences,SN2 avant Pôle femme,non,Santé publique (Administratif/Social),Administratif-Social,Autre,Item 19,C6,0,0,1
171,student 19,01929591-28d5-788b-bdd5-27aae1e00821,0195a09e-1b82-7293-a53c-42d58c36f795,SN2-1,FS04,PE09,VARICELLE,Urgences avant SN1,SN2 avant Pôle femme,non,Pédiatrie,Diag+PEC,Diag+PEC,Item 164,C4,1,1,0
172,student 19,01929591-28d5-788b-bdd5-27aae1e00821,0195be05-e0ea-78bc-9c80-1649663e27ae,SN2-1,FS03,PE10,PARESTHÉSIE DES MEMBRES,Urgences avant SN1,SN2 avant Pôle femme,non,Neurologie,Diagnostic,Diagnostic,Item 96,C2,0,1,0
173,student 19,01929591-28d5-788b-bdd5-27aae1e00821,0195c456-322d-7c94-a187-1509d8c57204,SN2-1,FS09,PE09,DOULEUR NON CARACTÉRISTIQUE,Urgences avant SN1,SN2 avant Pôle femme,non,Médecine Interne - Immuno,Diagnostic,Diagnostic,Item 134,C2,0,1,0
174,student 19,01929591-28d5-788b-bdd5-27aae1e00821,0195da23-017f-7cd6-9cfa-cc471ca19e30,SN2-1,FS04,PE02,VACCINATION,Urgences avant SN1,SN2 avant Pôle femme,non,Pédiatrie,PEC-ttt,PEC-ttt,Item 146,C3,1,0,0
175,student 19,01929591-28d5-788b-bdd5-27aae1e00821,0195e81f-cf4b-780b-9498-e21205762729,SN2-1,FS04,PE02,ACNÉ VULGAIRE,Urgences avant SN1,SN2 avant Pôle femme,non,Dermatologie,PEC-ttt,PEC-ttt,Item 111,C4,1,0,0
176,student 19,01929591-28d5-788b-bdd5-27aae1e00821,01960ce3-8e10-78bc-8f97-1073a2625ddc,SN2-1,FS09,PE02,PSYCHIQUE (TROUBLE),Urgences avant SN1,SN2 avant Pôle femme,non,Psychiatrie,PEC-ttt,PEC-ttt,Item 66,C5,1,0,0
177,student 19,01929591-28d5-788b-bdd5-27aae1e00821,01962b12-1578-7ee3-9616-0787b06e16f4,SN2-1,FS10,PE02,TOXICOMANIE,Urgences avant SN1,SN2 avant Pôle femme,non,Psychiatrie,PEC-ttt,PEC-ttt,Item 78,C5,1,0,0
178,student 19,01929591-28d5-788b-bdd5-27aae1e00821,01963012-f2a6-787a-b6f2-eb031f7178bc,SN2-1,FS06,PE04,DÉPRESSION,Urgences avant SN1,SN2 avant Pôle femme,non,Psychiatrie,Diag+PEC,Diag+PEC,Item 144,C5,1,1,0
179,student 19,01929591-28d5-788b-bdd5-27aae1e00821,019631b3-700e-78e4-bc91-b6be6dd5c71e,SN2-1,FS09,PE04,,Urgences avant SN1,SN2 avant Pôle femme,non,Ethique/Communication/Relation,Ethique-Communication-Relation,Autre,Item 1,C1,0,0,1
180,student 19,01929591-28d5-788b-bdd5-27aae1e00821,019634d0-881f-7911-af0e-c68b1f8af06d,SN2-1,FS08,PE05,PROCÉDURE ADMINISTRATIVE,Urgences avant SN1,SN2 avant Pôle femme,non,Santé publique (Administratif/Social),Administratif-Social,Autre,Item 13,C6,0,0,1
181,student 20,01929598-4b38-7e53-90d8-992ed2b07c21,01931091-910a-73ff-a391-8c07c1201222,SN2-1,FS02,PE01,DÉPISTAGE ET PRÉVENTION,Urgences avant SN1,SN2 avant Pôle femme,non,Santé publique (Administratif/Social),Diagnostic,Diagnostic,Item 222,C3,0,1,0
182,student 20,01929598-4b38-7e53-90d8-992ed2b07c21,01945ad0-24a0-7be9-9110-d2c315ff2327,SN2-1,FS08,PE05,PROCÉDURE ADMINISTRATIVE,Urgences avant SN1,SN2 avant Pôle femme,non,Santé publique (Administratif/Social),Administratif-Social,Autre,Item 19,C5,0,0,1
183,student 20,01929598-4b38-7e53-90d8-992ed2b07c21,01945ae5-6846-78d1-a0f4-92e50289957d,SN2-1,FS08,PE05,PROCÉDURE ADMINISTRATIVE,Urgences avant SN1,SN2 avant Pôle femme,non,Santé publique (Administratif/Social),Administratif-Social,Autre,Item 19,C5,0,0,1
184,student 20,01929598-4b38-7e53-90d8-992ed2b07c21,01945af2-10c3-7871-a8b5-c62258cf63f4,SN2-1,FS05,PE06,GROSSESSE,Urgences avant SN1,SN2 avant Pôle femme,non,Gynécologie,PEC-ttt,PEC-ttt,Item 23,C3,1,0,0
185,student 20,01929598-4b38-7e53-90d8-992ed2b07c21,019547fc-2e98-7ded-ba43-97417c231399,SN2-1,FS08,PE04,PROCÉDURE ADMINISTRATIVE,Urgences avant SN1,SN2 avant Pôle femme,non,Santé publique (Administratif/Social),Administratif-Social,Autre,Item 13,C6,0,0,1
186,student 20,01929598-4b38-7e53-90d8-992ed2b07c21,019547fe-a3bb-7580-8abb-651acbf91cdd,SN2-1,FS11,PE09,ECZÉMA,Urgences avant SN1,SN2 avant Pôle femme,non,Dermatologie,Diagnostic,Diagnostic,Item 187,C3,0,1,0
187,student 20,01929598-4b38-7e53-90d8-992ed2b07c21,0195480b-7b15-73c9-abc1-af2675e6f5ca,SN2-1,FS09,PE01,FIBROMATOSE PLANTAIRE,Urgences avant SN1,SN2 avant Pôle femme,non,Orthopédie,PEC-ttt,PEC-ttt,Item 361,C4,1,0,0
188,student 20,01929598-4b38-7e53-90d8-992ed2b07c21,0195480e-09bf-7603-baec-186a8580ec3b,SN2-1,FS11,PE06,RÉACTION TUBERCULINIQUE,Urgences avant SN1,SN2 avant Pôle femme,non,Pneumologie,Diagnostic,Diagnostic,Item 159,C3,0,1,0
189,student 20,01929598-4b38-7e53-90d8-992ed2b07c21,0195d774-df53-7415-86ff-d8b01bd8cd37,SN2-1,FS04,PE09,PROCÉDURE ADMINISTRATIVE,Urgences avant SN1,SN2 avant Pôle femme,non,Santé publique (Administratif/Social),Administratif-Social,Autre,Item 66,C5,0,0,1
190,student 20,01929598-4b38-7e53-90d8-992ed2b07c21,0195d7f8-e5b5-7b53-8e86-42d97f49e2ba,SN2-1,FS06,PE10,DÉPRESSION,Urgences avant SN1,SN2 avant Pôle femme,non,Psychiatrie,PEC-ttt,PEC-ttt,Item 74,C4,1,0,0
191,student 21,01929594-add5-75fb-82d6-02774404e95a,0193b22b-9237-76cd-bbfa-7fa1b41c88ff,SN2-1,FS02,PE10,RHINITE,SN1 avant Urgences,SN2 avant Pôle femme,non,ORL,PEC-ttt,PEC-ttt,Item 188,C4,1,0,0
192,student 21,01929594-add5-75fb-82d6-02774404e95a,0194a372-025e-7e51-8f7c-d6bc866c7c96,SN2-1,FS01,PE10,HTA,SN1 avant Urgences,SN2 avant Pôle femme,non,Cardiologie,Diagnostic,Diagnostic,Item 224,C5,0,1,0
193,student 21,01929594-add5-75fb-82d6-02774404e95a,0194a376-9d87-7518-b05c-bb9695f3e498,SN2-1,FS08,PE05,,SN1 avant Urgences,SN2 avant Pôle femme,non,,,,,,0,0,0
194,student 21,01929594-add5-75fb-82d6-02774404e95a,0194a396-8f9a-7c51-82b2-757c362061f9,SN2-1,FS01,PE01,DYSLIPIDÉMIE,SN1 avant Urgences,SN2 avant Pôle femme,non,Cardiologie,Diag+PEC,Diag+PEC,Item 222,C3,1,1,0
195,student 21,01929594-add5-75fb-82d6-02774404e95a,0194ae6b-b7cb-77ce-978f-6adcc41dc8c2,SN2-1,FS11,PE01,DÉPISTAGE ET PRÉVENTION,SN1 avant Urgences,SN2 avant Pôle femme,non,Rhumatologie,Diag+PEC,Diag+PEC,Item 128,C3,1,1,0
196,student 21,01929594-add5-75fb-82d6-02774404e95a,0194ae70-94c6-7ea5-8fe8-9a0f31ff6ed9,SN2-1,FS02,PE03,CICATRICE,SN1 avant Urgences,SN2 avant Pôle femme,non,Dermatologie,PEC-ttt,PEC-ttt,Item 113,C5,1,0,0
197,student 21,01929594-add5-75fb-82d6-02774404e95a,01963aa0-2991-7383-b442-6125e1821f8d,SN2-1,FS01,PE02,PROCÉDURE ADMINISTRATIVE,SN1 avant Urgences,SN2 avant Pôle femme,non,Santé publique (Administratif/Social),Administratif-Social,Autre,Item 326,C6,0,0,1
198,student 21,01929594-add5-75fb-82d6-02774404e95a,01963aa3-6c92-7632-a499-8db807d6e860,SN2-1,FS09,PE04,,SN1 avant Urgences,SN2 avant Pôle femme,non,Ethique/Communication/Relation,Ethique-Communication-Relation,Autre,Item 1,C1,0,0,1
199,student 21,01929594-add5-75fb-82d6-02774404e95a,01963aa6-aa9e-73ed-87dc-cfeed5ddc162,SN2-1,FS02,PE06,,SN1 avant Urgences,SN2 avant Pôle femme,non,Ethique/Communication/Relation,Ethique-Communication-Relation,Autre,Item 3,C6,0,0,1
200,student 21,01929594-add5-75fb-82d6-02774404e95a,01963aad-4903-7fc0-906a-c91e1da01cfb,SN2-1,FS09,PE04,,SN1 avant Urgences,SN2 avant Pôle femme,non,Ethique/Communication/Relation,Ethique-Communication-Relation,Autre,Item 1,C1,0,0,1
201,student 22,01929595-b274-744d-8524-45fc2d0a85f2,0194b378-70cf-73e8-816d-dfd0d4243301,SN2-1,FS10,PE01,VACCINATION,SN1 avant Urgences,SN2 avant Pôle femme,non,Infectiologie,Diag+PEC,Diag+PEC,Item 174,C3,1,1,0
202,student 22,01929595-b274-744d-8524-45fc2d0a85f2,0194b5f7-0084-752f-aa34-d7a2f1dad7ca,SN2-1,FS08,PE04,,SN1 avant Urgences,SN2 avant Pôle femme,non,Ethique/Communication/Relation,Ethique-Communication-Relation,Autre,Item 1,C1,0,0,1
203,student 22,01929595-b274-744d-8524-45fc2d0a85f2,01959065-eec1-7947-a48e-ce52f803e203,SN2-1,FS08,PE01,VACCINATION,SN1 avant Urgences,SN2 avant Pôle femme,non,Pédiatrie,Diag+PEC,Diag+PEC,Item 164,C3,1,1,0
204,student 22,01929595-b274-744d-8524-45fc2d0a85f2,0195a4d4-14a1-7116-aa14-6a14d3747c47,SN2-1,FS09,PE09,DOULEUR NON CARACTÉRISTIQUE,SN1 avant Urgences,SN2 avant Pôle femme,non,Médecine Interne - Immuno,PEC-ttt,PEC-ttt,Item 134,C2,1,0,0
205,student 22,01929595-b274-744d-8524-45fc2d0a85f2,0195a4d4-cb41-739f-a6da-2472ef1a4962,SN2-1,FS11,PE02,HYPOTHYROÏDIE,SN1 avant Urgences,SN2 avant Pôle femme,non,Endocrinologie,Diag+PEC,Diag+PEC,Item 243,C5,1,1,0
206,student 22,01929595-b274-744d-8524-45fc2d0a85f2,0195b237-1704-7578-a2bc-7fbcb0e39dcb,SN2-1,FS08,PE05,PROCÉDURE ADMINISTRATIVE,SN1 avant Urgences,SN2 avant Pôle femme,non,Santé publique (Administratif/Social),Administratif-Social,Autre,Item 17,C5,0,0,1
207,student 22,01929595-b274-744d-8524-45fc2d0a85f2,0195c1d2-9fa9-7910-9421-37270d478dee,SN2-1,FS10,PE06,PROCÉDURE ADMINISTRATIVE,SN1 avant Urgences,SN2 avant Pôle femme,non,Santé publique (Administratif/Social),Administratif-Social,Autre,Item 59,C5,0,0,1
208,student 22,01929595-b274-744d-8524-45fc2d0a85f2,0195c3ec-8edb-7886-948e-9a2fe52a9399,SN2-1,FS08,PE05,PROCÉDURE ADMINISTRATIVE,SN1 avant Urgences,SN2 avant Pôle femme,non,Santé publique (Administratif/Social),Administratif-Social,Autre,Item 19,C6,0,0,1
209,student 22,01929595-b274-744d-8524-45fc2d0a85f2,0195c9b3-0828-7785-84c0-9b7e943843c3,SN2-1,FS11,PE09,DIABÈTE DE TYPE 2,SN1 avant Urgences,SN2 avant Pôle femme,non,Endocrinologie,PEC-ttt,PEC-ttt,Item 247,C3,1,0,0
210,student 22,01929595-b274-744d-8524-45fc2d0a85f2,0195d176-7981-7d8d-a0bb-357465a597b0,SN2-1,FS09,PE04,PROCÉDURE ADMINISTRATIVE,SN1 avant Urgences,SN2 avant Pôle femme,non,Santé publique (Administratif/Social),Administratif-Social,Autre,Item 133,C5,0,0,1
211,student 23,01929594-4284-7335-934c-5b302d3d1ad2,0193ab32-5fcf-7816-823f-c5bbc9ea4c8b,SN2-1,FS10,PE01,VIRUS IMMUNIODEFICIENCE HUMAINE - VIH,Urgences avant SN1,SN2 avant Pôle femme,oui,Gastroentérologie,PEC-ttt,PEC-ttt,Item 167,C2,1,0,0
212,student 23,01929594-4284-7335-934c-5b302d3d1ad2,0193ab33-b9c3-7fa8-a90d-3483c497fdd1,SN2-1,FS02,PE07,RONCHOPATHIE - APNÉE DU SOMMEIL,Urgences avant SN1,SN2 avant Pôle femme,oui,ORL,PEC-ttt,PEC-ttt,Item 110,C4,1,0,0
213,student 23,01929594-4284-7335-934c-5b302d3d1ad2,019497ad-cecf-7cb4-a0e6-ae8b91276b34,SN2-1,FS03,PE06,ZONA,Urgences avant SN1,SN2 avant Pôle femme,oui,Ophtalmologie,Diag+PEC,Diag+PEC,Item 168,C4,1,1,0
214,student 23,01929594-4284-7335-934c-5b302d3d1ad2,019497b0-57b0-75cb-a8c4-c1ffde86125c,SN2-1,FS09,PE04,,Urgences avant SN1,SN2 avant Pôle femme,oui,Ethique/Communication/Relation,Ethique-Communication-Relation,Autre,Item 1,C1,0,0,1
215,student 23,01929594-4284-7335-934c-5b302d3d1ad2,019497b2-e3fb-72c8-9f11-ae4ff37140f2,SN2-1,FS11,PE09,RÉACTION TUBERCULINIQUE,Urgences avant SN1,SN2 avant Pôle femme,oui,Pneumologie,Diagnostic,Diagnostic,Item 159,C3,0,1,0
216,student 23,01929594-4284-7335-934c-5b302d3d1ad2,019497b9-5d25-76c5-8cbd-c2a4faeeb610,SN2-1,FS10,PE01,DÉPRESSION,Urgences avant SN1,SN2 avant Pôle femme,oui,Psychiatrie,Diag+PEC,Diag+PEC,Item 69,C3,1,1,0
217,student 23,01929594-4284-7335-934c-5b302d3d1ad2,0195b2d0-8d63-756e-a954-4e548ab11d22,SN2-1,FS07,PE08,DÉPRESSION,Urgences avant SN1,SN2 avant Pôle femme,oui,Psychiatrie,PEC-ttt,PEC-ttt,Item 182,C2,1,0,0
218,student 23,01929594-4284-7335-934c-5b302d3d1ad2,0195b2d3-60f0-738a-9da8-c92f31c1f362,SN2-1,FS01,PE06,ANÉMIE (NON FERRIPRIVE),Urgences avant SN1,SN2 avant Pôle femme,oui,Hématologie,Diag+PEC,Diag+PEC,Item 213,C2,1,1,0
219,student 23,01929594-4284-7335-934c-5b302d3d1ad2,0195b2d5-33a9-79f1-b64f-c551806e0db1,SN2-1,FS01,PE09,DYSLIPIDÉMIE,Urgences avant SN1,SN2 avant Pôle femme,oui,Cardiologie,PEC-ttt,PEC-ttt,Item 223,C2,1,0,0
220,student 23,01929594-4284-7335-934c-5b302d3d1ad2,019635c9-9092-78d2-bce7-a44f3953e78c,SN2-1,FS09,PE04,,Urgences avant SN1,SN2 avant Pôle femme,oui,Ethique/Communication/Relation,Ethique-Communication-Relation,Autre,Item 1,C1,0,0,1
221,student 24,0192959a-3757-7ba9-80bd-caad59d9a9fc,01944fcd-976d-79d4-bc30-a207e1e774c2,SN2-1,FS02,PE10,LOMBALGIE,SN1 avant Urgences,SN2 avant Pôle femme,non,Rhumatologie,PEC-ttt,PEC-ttt,Item 270,C4,1,0,0
222,student 24,0192959a-3757-7ba9-80bd-caad59d9a9fc,01944ffa-2ecb-7825-957d-32d8a1b654b8,SN2-1,FS04,PE09,ANXIÉTÉ -ANGOISSE,SN1 avant Urgences,SN2 avant Pôle femme,non,Psychiatrie,Diagnostic,Diagnostic,Item 66,C4,0,1,0
223,student 24,0192959a-3757-7ba9-80bd-caad59d9a9fc,01945020-bceb-787c-9a7a-092d263da883,SN2-1,FS05,PE10,VULVITE - VAGINITE,SN1 avant Urgences,SN2 avant Pôle femme,non,Gynécologie,PEC-ttt,PEC-ttt,Item 155,C4,1,0,0
224,student 24,0192959a-3757-7ba9-80bd-caad59d9a9fc,0194506a-0466-78ce-8ba5-39a1acc9f103,SN2-1,FS09,PE06,,SN1 avant Urgences,SN2 avant Pôle femme,non,Ethique/Communication/Relation,Ethique-Communication-Relation,Autre,Item 1,C1,0,0,1
225,student 24,0192959a-3757-7ba9-80bd-caad59d9a9fc,0194514b-4d31-7746-8a05-d01a87d5e9a4,SN2-1,FS02,PE02,TOUX,SN1 avant Urgences,SN2 avant Pôle femme,non,Pneumologie,PEC-ttt,PEC-ttt,Item 204,C4,1,0,0
226,student 24,0192959a-3757-7ba9-80bd-caad59d9a9fc,0194514c-48fa-79b4-b0b8-f6cc2cf0df27,SN2-1,FS04,PE03,DÉPISTAGE ET PRÉVENTION,SN1 avant Urgences,SN2 avant Pôle femme,non,Pédiatrie,PEC-ttt,PEC-ttt,Item 47,C3,1,0,0
227,student 24,0192959a-3757-7ba9-80bd-caad59d9a9fc,0195a8a8-1f67-78b6-971a-5d1182edf442,SN2-1,FS09,PE10,CRAMPE MUSCULAIRE,SN1 avant Urgences,SN2 avant Pôle femme,non,Orthopédie,PEC-ttt,PEC-ttt,Item 267,C3,1,0,0
228,student 24,0192959a-3757-7ba9-80bd-caad59d9a9fc,0195a9a8-ea4e-7675-b5f0-d95559f0f49a,SN2-1,FS08,PE08,,SN1 avant Urgences,SN2 avant Pôle femme,non,Ethique/Communication/Relation,Ethique-Communication-Relation,Autre,Item 1,C1,0,0,1
229,student 24,0192959a-3757-7ba9-80bd-caad59d9a9fc,0195a9ab-7ec5-7488-9530-8924ccb2f0e8,SN2-1,FS02,PE02,RHINOPHARYNGITE - RHUME,SN1 avant Urgences,SN2 avant Pôle femme,non,ORL,Ethique-Communication-Relation,Autre,Item 149,C4,0,0,1
230,student 24,0192959a-3757-7ba9-80bd-caad59d9a9fc,0195a9e1-0533-78ff-9057-1a0de2545d75,SN2-1,FS04,PE10,DÉPISTAGE ET PRÉVENTION,SN1 avant Urgences,SN2 avant Pôle femme,non,Pédiatrie,PEC-ttt,PEC-ttt,Item 48,C3,1,0,0
231,student 25,01929593-6f07-78ae-b9e5-f67ab5ab7324,01946e7b-c27a-74a0-b15f-4e9d35fece7e,SN2-1,FS01,PE01,DYSLIPIDÉMIE,Urgences avant SN1,SN2 avant Pôle femme,non,Cardiologie,PEC-ttt,PEC-ttt,Item 223,C3,1,0,0
232,student 25,01929593-6f07-78ae-b9e5-f67ab5ab7324,01946e7e-645f-760c-a286-966fe76af133,SN2-1,FS09,PE08,,Urgences avant SN1,SN2 avant Pôle femme,non,Ethique/Communication/Relation,Ethique-Communication-Relation,Autre,Item 1,C1,0,0,1
233,student 25,01929593-6f07-78ae-b9e5-f67ab5ab7324,019489d5-b721-73d7-ab25-9e72fd29f31d,SN2-1,FS05,PE01,DÉPISTAGE ET PRÉVENTION,Urgences avant SN1,SN2 avant Pôle femme,non,Urologie,Diagnostic,Diagnostic,Item 290,C3,0,1,0
234,student 25,01929593-6f07-78ae-b9e5-f67ab5ab7324,0194b84c-58c9-74e5-89d8-249dca9343f1,SN2-1,FS08,PE05,PROCÉDURE ADMINISTRATIVE,Urgences avant SN1,SN2 avant Pôle femme,non,Cardiologie,Diagnostic,Diagnostic,Item 256,C3,0,1,0
235,student 25,01929593-6f07-78ae-b9e5-f67ab5ab7324,0194bd5b-3a9a-73db-8012-12704d3092ed,SN2-1,FS06,PE06,LOMBALGIE,Urgences avant SN1,SN2 avant Pôle femme,non,Rhumatologie,PEC-ttt,PEC-ttt,Item 270,C3,1,0,0
236,student 25,01929593-6f07-78ae-b9e5-f67ab5ab7324,0194f590-efda-729c-90c2-4de5ffe83253,SN2-1,FS05,PE08,ÉNURÉSIE PSYCHOGÈNE,Urgences avant SN1,SN2 avant Pôle femme,non,Pédiatrie,Diag+PEC,Diag+PEC,Item 51,C2,1,1,0
237,student 25,01929593-6f07-78ae-b9e5-f67ab5ab7324,01954d5c-25b9-7387-a893-e2c6e603c02f,SN2-1,FS10,PE03,HTA,Urgences avant SN1,SN2 avant Pôle femme,non,Cardiologie,PEC-ttt,PEC-ttt,Item 224,C4,1,0,0
238,student 25,01929593-6f07-78ae-b9e5-f67ab5ab7324,01954d7c-4c88-7b02-b5fe-22492b00aacb,SN2-1,FS07,PE03,DÉPRESSION,Urgences avant SN1,SN2 avant Pôle femme,non,Psychiatrie,PEC-ttt,PEC-ttt,Item 74,C4,1,0,0
239,student 25,01929593-6f07-78ae-b9e5-f67ab5ab7324,01956213-1f17-7768-9e34-1d3d3a10936a,SN2-1,FS05,PE06,HERPÈS,Urgences avant SN1,SN2 avant Pôle femme,non,Dermatologie,PEC-ttt,PEC-ttt,Item 168,C4,1,0,0
240,student 25,01929593-6f07-78ae-b9e5-f67ab5ab7324,01956245-5700-793a-b3c9-2fa6a677117a,SN2-1,FS11,PE04,,Urgences avant SN1,SN2 avant Pôle femme,non,Ethique/Communication/Relation,Ethique-Communication-Relation,Autre,Item 1,C1,0,0,1
241,student 26,01929590-bc2d-7a50-931d-12290a64ff2e,0193b25d-6fec-755e-98f7-f1b6ce16efe4,SN2-1,FS09,PE04,,SN1 avant Urgences,SN2 avant Pôle femme,non,Ethique/Communication/Relation,Ethique-Communication-Relation,Autre,Item 1,C1,0,0,1
242,student 26,01929590-bc2d-7a50-931d-12290a64ff2e,0195a5db-644a-7b8a-92b7-ecdeb462ee61,SN2-1,FS01,PE02,DIABÈTE DE TYPE 2,SN1 avant Urgences,SN2 avant Pôle femme,non,Endocrinologie,PEC-ttt,PEC-ttt,Item 247,C2,1,0,0
243,student 26,01929590-bc2d-7a50-931d-12290a64ff2e,0195a5dc-52f4-71f1-9aaf-e4cea7603aab,SN2-1,FS08,PE01,PROCÉDURE ADMINISTRATIVE,SN1 avant Urgences,SN2 avant Pôle femme,non,Santé publique (Administratif/Social),Administratif-Social,Autre,Item 119,C5,0,0,1
244,student 26,01929590-bc2d-7a50-931d-12290a64ff2e,0195aadc-4aa2-7b88-892d-c27b685ecc1e,SN2-1,FS11,PE05,PROCÉDURE ADMINISTRATIVE,SN1 avant Urgences,SN2 avant Pôle femme,non,Santé publique (Administratif/Social),Administratif-Social,Autre,Item 19,C6,0,0,1
245,student 26,01929590-bc2d-7a50-931d-12290a64ff2e,0195edc3-3a9a-7b6a-a846-f3c5bcfc7983,SN2-1,FS04,PE01,VACCINATION,SN1 avant Urgences,SN2 avant Pôle femme,non,Pédiatrie,PEC-ttt,PEC-ttt,Item 146,C3,1,0,0
246,student 26,01929590-bc2d-7a50-931d-12290a64ff2e,0195edc3-8c00-799e-8114-6d7432442128,SN2-1,FS02,PE07,VERTIGE - ÉTAT VERTIGINEUX,SN1 avant Urgences,SN2 avant Pôle femme,non,ORL,PEC-ttt,PEC-ttt,Item 103,C4,1,0,0
247,student 26,01929590-bc2d-7a50-931d-12290a64ff2e,0195faa4-ee99-7fdf-828a-36972b5a1b6f,SN2-1,FS08,PE01,,SN1 avant Urgences,SN2 avant Pôle femme,non,Ethique/Communication/Relation,Ethique-Communication-Relation,Autre,Item 7,C6,0,0,1
248,student 26,01929590-bc2d-7a50-931d-12290a64ff2e,0195fafe-a537-7fac-8aed-ca182d44a96c,SN2-1,FS01,PE02,PROCÉDURE ADMINISTRATIVE,SN1 avant Urgences,SN2 avant Pôle femme,non,Santé publique (Administratif/Social),Administratif-Social,Autre,Item 326,C5,0,0,1
249,student 26,01929590-bc2d-7a50-931d-12290a64ff2e,01962f5d-b3ee-7250-93bd-fcc75f0ecde0,SN2-1,FS09,PE03,,SN1 avant Urgences,SN2 avant Pôle femme,non,Ethique/Communication/Relation,Ethique-Communication-Relation,Autre,Item 1,C1,0,0,1
250,student 26,01929590-bc2d-7a50-931d-12290a64ff2e,01962f5f-76b3-73f0-8ec5-cc56422f4a06,SN2-1,FS04,PE05,VACCINATION,SN1 avant Urgences,SN2 avant Pôle femme,non,Infectiologie,PEC-ttt,PEC-ttt,Item 146,C3,1,0,0
251,student 27,01929599-9338-798e-b07b-465ab6aaaf46,0193c136-354b-7f52-9c23-64174f357ef1,SN2-1,FS01,PE05,PROCÉDURE ADMINISTRATIVE,Urgences avant SN1,SN2 avant Pôle femme,non,Santé publique (Administratif/Social),Administratif-Social,Autre,Item 19,C5,0,0,1
252,student 27,01929599-9338-798e-b07b-465ab6aaaf46,0193cc09-1c78-704f-b4fa-1de9d598fe36,SN2-1,FS01,PE02,DÉPISTAGE ET PRÉVENTION,Urgences avant SN1,SN2 avant Pôle femme,non,Rhumatologie,PEC-ttt,PEC-ttt,Item 128,C3,1,0,0
253,student 27,01929599-9338-798e-b07b-465ab6aaaf46,019460f7-349c-7c93-b4aa-cbd16744feea,SN2-1,FS08,PE04,,Urgences avant SN1,SN2 avant Pôle femme,non,Ethique/Communication/Relation,Ethique-Communication-Relation,Autre,Item 1,C1,0,0,1
254,student 27,01929599-9338-798e-b07b-465ab6aaaf46,01947f61-c288-72bd-97cd-4d55dcd9fb4d,SN2-1,FS05,PE07,VACCINATION,Urgences avant SN1,SN2 avant Pôle femme,non,Pédiatrie,PEC-ttt,PEC-ttt,Item 146,C3,1,0,0
255,student 27,01929599-9338-798e-b07b-465ab6aaaf46,01949349-f441-7f61-8e47-9ff8ffadd82b,SN2-1,FS01,PE01,DIABÈTE DE TYPE 2,Urgences avant SN1,SN2 avant Pôle femme,non,Endocrinologie,Diagnostic,Diagnostic,Item 247,C3,0,1,0
256,student 27,01929599-9338-798e-b07b-465ab6aaaf46,019493be-acaf-7895-a08d-44c4a856a813,SN2-1,FS07,PE05,PROCÉDURE ADMINISTRATIVE,Urgences avant SN1,SN2 avant Pôle femme,non,Santé publique (Administratif/Social),Administratif-Social,Autre,Item 184,C5,0,0,1
257,student 27,01929599-9338-798e-b07b-465ab6aaaf46,019522b1-bad6-7f1e-98eb-5dec78e8119e,SN2-1,FS03,PE06,PROCÉDURE ADMINISTRATIVE,Urgences avant SN1,SN2 avant Pôle femme,non,Santé publique (Administratif/Social),Administratif-Social,Autre,Item 16,C5,0,0,1
258,student 27,01929599-9338-798e-b07b-465ab6aaaf46,01958ee6-54db-763d-ba29-6ea0081fa767,SN2-1,FS01,PE09,DIABÈTE DE TYPE 2,Urgences avant SN1,SN2 avant Pôle femme,non,Endocrinologie,Diagnostic,Diagnostic,Item 247,C3,0,1,0
259,student 27,01929599-9338-798e-b07b-465ab6aaaf46,01958f43-5fa1-7876-81df-31d99e825fc5,SN2-1,FS03,PE10,PARESTHÉSIE DES MEMBRES,Urgences avant SN1,SN2 avant Pôle femme,non,Neurologie,Diagnostic,Diagnostic,Item 95,C5,0,1,0
260,student 27,01929599-9338-798e-b07b-465ab6aaaf46,0195b2b8-d74e-7c0c-a23f-23660596afae,SN2-1,FS01,PE08,,Urgences avant SN1,SN2 avant Pôle femme,non,Ethique/Communication/Relation,Ethique-Communication-Relation,Autre,Item 1,C1,0,0,1
