,student_id_short,student_id,internship_id_short,internship_id,record_id_short,record_id
0,1,1ed8105d-c254-6f7a-9ce4-91b15023c51a,1,1eddd3e3-68f7-683e-afb1-37d1566b753d,1,1ee19e86-0b9d-6596-be29-cdb02722aed8
1,1,1ed8105d-c254-6f7a-9ce4-91b15023c51a,1,1eddd3e3-68f7-683e-afb1-37d1566b753d,2,1ee19e91-e5b2-6276-a638-9d5d9e29e54c
2,1,1ed8105d-c254-6f7a-9ce4-91b15023c51a,1,1eddd3e3-68f7-683e-afb1-37d1566b753d,3,1ee1ea5d-5f54-6d2e-aff6-7b9b23d3a68d
3,1,1ed8105d-c254-6f7a-9ce4-91b15023c51a,1,1eddd3e3-68f7-683e-afb1-37d1566b753d,4,1ee1ea60-c66d-6242-b8d0-69798fe3aa18
4,1,1ed8105d-c254-6f7a-9ce4-91b15023c51a,1,1eddd3e3-68f7-683e-afb1-37d1566b753d,5,1ee20792-4870-6322-bfee-19c31d73b3b6
5,1,1ed8105d-c254-6f7a-9ce4-91b15023c51a,1,1eddd3e3-68f7-683e-afb1-37d1566b753d,6,1ee20794-c738-6ffe-872a-997468fb4d28
6,1,1ed8105d-c254-6f7a-9ce4-91b15023c51a,1,1eddd3e3-68f7-683e-afb1-37d1566b753d,7,1ee25b4b-b7b2-6b74-ab63-fdb0a8a43266
7,1,1ed8105d-c254-6f7a-9ce4-91b15023c51a,1,1eddd3e3-68f7-683e-afb1-37d1566b753d,8,1ee25b50-0f24-6458-9233-61fd0729cc16
8,1,1ed8105d-c254-6f7a-9ce4-91b15023c51a,1,1eddd3e3-68f7-683e-afb1-37d1566b753d,9,1ee5e479-1b79-67fc-85dd-d395d8046c89
9,1,1ed8105d-c254-6f7a-9ce4-91b15023c51a,1,1eddd3e3-68f7-683e-afb1-37d1566b753d,10,1ee5e47d-327e-6ae8-ac39-113990ff7499
10,2,1ed8105d-c256-612c-a830-91b15023c51a,2,1eddd3e9-0d70-67da-8db4-11b3b9d38020,11,1ee1f585-5e49-6898-9028-2983f2eab154
11,2,1ed8105d-c256-612c-a830-91b15023c51a,2,1eddd3e9-0d70-67da-8db4-11b3b9d38020,12,1ee1f599-b63b-6394-9ec7-113fd3549c3c
12,2,1ed8105d-c256-612c-a830-91b15023c51a,2,1eddd3e9-0d70-67da-8db4-11b3b9d38020,13,1ee1f5a3-fd83-6f12-891c-9dc2a29415d5
13,2,1ed8105d-c256-612c-a830-91b15023c51a,2,1eddd3e9-0d70-67da-8db4-11b3b9d38020,14,1ee2471c-2cf9-6bb0-990c-1ddd5838259b
14,2,1ed8105d-c256-612c-a830-91b15023c51a,2,1eddd3e9-0d70-67da-8db4-11b3b9d38020,15,1ee24727-0ba8-65d2-9917-af60639dc3e7
15,2,1ed8105d-c256-612c-a830-91b15023c51a,2,1eddd3e9-0d70-67da-8db4-11b3b9d38020,16,1ee2794e-2590-6798-844e-ff1feda6fa1a
16,2,1ed8105d-c256-612c-a830-91b15023c51a,2,1eddd3e9-0d70-67da-8db4-11b3b9d38020,17,1ee27954-d850-6a76-ae1e-d7c763fedc80
17,2,1ed8105d-c256-612c-a830-91b15023c51a,2,1eddd3e9-0d70-67da-8db4-11b3b9d38020,18,1ee29775-b959-61b0-9c0a-3fc0cda95ae3
18,2,1ed8105d-c256-612c-a830-91b15023c51a,2,1eddd3e9-0d70-67da-8db4-11b3b9d38020,19,1ee5a3f0-6f62-6c02-b761-4be2db3afabe
19,2,1ed8105d-c256-612c-a830-91b15023c51a,2,1eddd3e9-0d70-67da-8db4-11b3b9d38020,20,1ee5ae55-b691-6460-8833-83d4d755f708
20,3,1ed8105d-c258-67b0-a62a-91b15023c51a,3,1eddd3e0-dfb0-6bcc-bf80-d9c6d6d9cb3d,21,1ee2a762-7279-68f6-8a9e-0192c50c27b1
21,3,1ed8105d-c258-67b0-a62a-91b15023c51a,3,1eddd3e0-dfb0-6bcc-bf80-d9c6d6d9cb3d,22,1ee2bdb1-b887-6fc2-972e-356c181618b4
22,3,1ed8105d-c258-67b0-a62a-91b15023c51a,3,1eddd3e0-dfb0-6bcc-bf80-d9c6d6d9cb3d,23,1ee2bdc7-9cf8-65ca-939f-ff2870a82b7f
23,3,1ed8105d-c258-67b0-a62a-91b15023c51a,3,1eddd3e0-dfb0-6bcc-bf80-d9c6d6d9cb3d,24,1ee2bdd9-8065-6d06-9eab-673624cd8159
24,3,1ed8105d-c258-67b0-a62a-91b15023c51a,3,1eddd3e0-dfb0-6bcc-bf80-d9c6d6d9cb3d,25,1ee2bde9-6187-6ce4-b74b-8ba1501b438d
25,3,1ed8105d-c258-67b0-a62a-91b15023c51a,3,1eddd3e0-dfb0-6bcc-bf80-d9c6d6d9cb3d,26,1ee2bdfb-4ac3-6e7e-9e44-23066b672704
26,3,1ed8105d-c258-67b0-a62a-91b15023c51a,3,1eddd3e0-dfb0-6bcc-bf80-d9c6d6d9cb3d,27,1ee2be0d-7903-6c82-aef9-b51c2c4578c8
27,3,1ed8105d-c258-67b0-a62a-91b15023c51a,3,1eddd3e0-dfb0-6bcc-bf80-d9c6d6d9cb3d,28,1ee2be1b-d7f4-613e-b272-f1f484b32edb
28,3,1ed8105d-c258-67b0-a62a-91b15023c51a,3,1eddd3e0-dfb0-6bcc-bf80-d9c6d6d9cb3d,29,1ee5ddcb-fb31-68b8-84a5-0122af260151
29,3,1ed8105d-c258-67b0-a62a-91b15023c51a,3,1eddd3e0-dfb0-6bcc-bf80-d9c6d6d9cb3d,30,1ee5e0d1-73f2-66d2-b8b3-ad812c7b3da2
30,4,1ed8105d-c259-69f8-ab46-91b15023c51a,4,1eddd3c2-2b6c-60bc-8964-c526c514405c,31,1ee272e4-1c67-689e-a6ea-2fade218af6f
32,4,1ed8105d-c259-69f8-ab46-91b15023c51a,4,1eddd3c2-2b6c-60bc-8964-c526c514405c,32,1ee2a46c-ad2a-6444-bd18-a79807fb7ac1
33,4,1ed8105d-c259-69f8-ab46-91b15023c51a,4,1eddd3c2-2b6c-60bc-8964-c526c514405c,33,1ee2a4fd-3c14-6ee4-b6e1-171a72d51c79
34,4,1ed8105d-c259-69f8-ab46-91b15023c51a,4,1eddd3c2-2b6c-60bc-8964-c526c514405c,34,1ee2a607-9276-60ac-98ce-076652102b4d
35,4,1ed8105d-c259-69f8-ab46-91b15023c51a,4,1eddd3c2-2b6c-60bc-8964-c526c514405c,35,1ee2bdcb-4844-6f52-a2e1-8d2a68e5736a
36,4,1ed8105d-c259-69f8-ab46-91b15023c51a,4,1eddd3c2-2b6c-60bc-8964-c526c514405c,36,1ee2bdcd-8c22-604c-9249-59618ed48408
37,4,1ed8105d-c259-69f8-ab46-91b15023c51a,4,1eddd3c2-2b6c-60bc-8964-c526c514405c,37,1ee2bdd0-092c-6e32-b714-65aa9828b533
38,4,1ed8105d-c259-69f8-ab46-91b15023c51a,4,1eddd3c2-2b6c-60bc-8964-c526c514405c,38,1ee2bdd4-3676-66be-9d22-69bca2cb9f4e
39,4,1ed8105d-c259-69f8-ab46-91b15023c51a,4,1eddd3c2-2b6c-60bc-8964-c526c514405c,39,1ee525cf-dc06-6682-8ccc-353d548f36b3
40,4,1ed8105d-c259-69f8-ab46-91b15023c51a,4,1eddd3c2-2b6c-60bc-8964-c526c514405c,40,1ee5264e-a3be-69bc-ad7f-475e8b8ce520
41,4,1ed8105d-c259-69f8-ab46-91b15023c51a,4,1eddd3c2-2b6c-60bc-8964-c526c514405c,41,1ee5b99f-2969-6c04-aec1-3b020780b57f
42,5,1ed8105d-c25a-6c68-8e15-91b15023c51a,5,1eddd3c8-51d6-6e5e-a192-1502672e2654,42,1ee03649-349f-6e68-b85f-f387919bbf4c
43,5,1ed8105d-c25a-6c68-8e15-91b15023c51a,5,1eddd3c8-51d6-6e5e-a192-1502672e2654,43,1ee037d1-9f3e-6ea2-856e-b57bf799e96d
44,5,1ed8105d-c25a-6c68-8e15-91b15023c51a,5,1eddd3c8-51d6-6e5e-a192-1502672e2654,44,1ee08e85-d475-6f98-8ee2-4981e535af5a
45,5,1ed8105d-c25a-6c68-8e15-91b15023c51a,5,1eddd3c8-51d6-6e5e-a192-1502672e2654,45,1ee0b7ac-1cd6-68ce-813f-c595e3008a38
46,5,1ed8105d-c25a-6c68-8e15-91b15023c51a,5,1eddd3c8-51d6-6e5e-a192-1502672e2654,46,1ee0e828-f15d-6b40-afee-ed753d302910
47,5,1ed8105d-c25a-6c68-8e15-91b15023c51a,5,1eddd3c8-51d6-6e5e-a192-1502672e2654,47,1ee1650d-dccc-6020-b80e-77876a67fdea
48,5,1ed8105d-c25a-6c68-8e15-91b15023c51a,5,1eddd3c8-51d6-6e5e-a192-1502672e2654,48,1ee18a40-9dfb-60a0-aa6d-e30350135fde
49,5,1ed8105d-c25a-6c68-8e15-91b15023c51a,5,1eddd3c8-51d6-6e5e-a192-1502672e2654,49,1ee1be21-33a9-616a-9691-fdf1ab54d7e0
50,5,1ed8105d-c25a-6c68-8e15-91b15023c51a,5,1eddd3c8-51d6-6e5e-a192-1502672e2654,50,1ee26311-5930-64e8-8e00-e109ecafa6ab
51,5,1ed8105d-c25a-6c68-8e15-91b15023c51a,5,1eddd3c8-51d6-6e5e-a192-1502672e2654,51,1ee51306-6fb3-6f60-8d07-97df2e2f5378
52,6,1ed8105d-c25c-6144-ae3c-91b15023c51a,6,1eddd3c0-a2de-6f3e-8397-5be4a2b15626,52,1ee0a073-6b4c-6dbe-bf99-6d236e1f8fbf
53,6,1ed8105d-c25c-6144-ae3c-91b15023c51a,6,1eddd3c0-a2de-6f3e-8397-5be4a2b15626,53,1ee0bc0f-3d48-62bc-92cd-43e55f2643d8
54,6,1ed8105d-c25c-6144-ae3c-91b15023c51a,6,1eddd3c0-a2de-6f3e-8397-5be4a2b15626,54,1ee0eda6-2019-6aba-9732-cdb93ddc2e68
55,6,1ed8105d-c25c-6144-ae3c-91b15023c51a,6,1eddd3c0-a2de-6f3e-8397-5be4a2b15626,55,1ee26453-935e-6ac8-a574-1d853579c2d7
56,6,1ed8105d-c25c-6144-ae3c-91b15023c51a,6,1eddd3c0-a2de-6f3e-8397-5be4a2b15626,56,1ee26455-bc2f-6e8c-9265-353b2bfbf1db
57,6,1ed8105d-c25c-6144-ae3c-91b15023c51a,6,1eddd3c0-a2de-6f3e-8397-5be4a2b15626,57,1ee26459-1dcd-6d08-a63a-5972397cccbf
58,6,1ed8105d-c25c-6144-ae3c-91b15023c51a,6,1eddd3c0-a2de-6f3e-8397-5be4a2b15626,58,1ee2b282-a02a-63ba-8d56-e3d7486b8c97
59,6,1ed8105d-c25c-6144-ae3c-91b15023c51a,6,1eddd3c0-a2de-6f3e-8397-5be4a2b15626,59,1ee2bf85-153f-6bfa-ac64-6502ca7164d4
60,6,1ed8105d-c25c-6144-ae3c-91b15023c51a,6,1eddd3c0-a2de-6f3e-8397-5be4a2b15626,60,1ee5d594-cdc4-6996-9db3-3f6176eab1ea
61,6,1ed8105d-c25c-6144-ae3c-91b15023c51a,6,1eddd3c0-a2de-6f3e-8397-5be4a2b15626,61,1ee5fd04-ab3b-6536-9d27-5b95186e8627
62,7,1ed8105d-c25d-63aa-95d2-91b15023c51a,7,1ed8105e-d4ac-6974-97a8-eb85670ba8b0,62,1ed9f2e5-be46-661a-a2a9-a953717d1990
63,7,1ed8105d-c25d-63aa-95d2-91b15023c51a,7,1ed8105e-d4ac-6974-97a8-eb85670ba8b0,63,1eda2484-1d80-6a66-84f5-a10c8558095c
64,7,1ed8105d-c25d-63aa-95d2-91b15023c51a,7,1ed8105e-d4ac-6974-97a8-eb85670ba8b0,64,1edae1b2-1c2e-6bf4-9970-af50851a1eea
65,7,1ed8105d-c25d-63aa-95d2-91b15023c51a,7,1ed8105e-d4ac-6974-97a8-eb85670ba8b0,65,1edae26e-5b33-6694-818c-5f391f564ad8
66,7,1ed8105d-c25d-63aa-95d2-91b15023c51a,7,1ed8105e-d4ac-6974-97a8-eb85670ba8b0,66,1edb35b8-afab-6dc8-ae2b-43c2595d83f8
67,7,1ed8105d-c25d-63aa-95d2-91b15023c51a,7,1ed8105e-d4ac-6974-97a8-eb85670ba8b0,67,1edc416e-d834-60ca-ac69-31fa9114f5da
68,7,1ed8105d-c25d-63aa-95d2-91b15023c51a,7,1ed8105e-d4ac-6974-97a8-eb85670ba8b0,68,1edc4177-60e5-631c-85b6-ad7ed69172b5
69,7,1ed8105d-c25d-63aa-95d2-91b15023c51a,7,1ed8105e-d4ac-6974-97a8-eb85670ba8b0,69,1eddc948-8684-6e1a-b3de-e1623514fc10
70,7,1ed8105d-c25d-63aa-95d2-91b15023c51a,7,1ed8105e-d4ac-6974-97a8-eb85670ba8b0,70,1eddc99a-ab38-652a-9598-4b23f8a065a1
71,8,1ed8105d-c25e-65de-ac72-91b15023c51a,8,1eddeab9-2573-6e90-b57b-fdb33c0d2bdf,71,1ee289aa-30c2-68de-a6ab-5779986380a2
72,8,1ed8105d-c25e-65de-ac72-91b15023c51a,8,1eddeab9-2573-6e90-b57b-fdb33c0d2bdf,72,1ee28bc2-f776-6dc6-a4b1-434eaf606bc9
73,8,1ed8105d-c25e-65de-ac72-91b15023c51a,8,1eddeab9-2573-6e90-b57b-fdb33c0d2bdf,73,1ee29726-1fcf-6eda-8f91-bba5644673b4
74,8,1ed8105d-c25e-65de-ac72-91b15023c51a,8,1eddeab9-2573-6e90-b57b-fdb33c0d2bdf,74,1ee2972d-a2dd-69ba-8244-113349f29fe5
75,8,1ed8105d-c25e-65de-ac72-91b15023c51a,8,1eddeab9-2573-6e90-b57b-fdb33c0d2bdf,75,1ee2972f-c4b3-64ac-9467-659fd04354b4
76,8,1ed8105d-c25e-65de-ac72-91b15023c51a,8,1eddeab9-2573-6e90-b57b-fdb33c0d2bdf,76,1ee2a734-ec36-67c6-a74b-439c87f9a70c
77,8,1ed8105d-c25e-65de-ac72-91b15023c51a,8,1eddeab9-2573-6e90-b57b-fdb33c0d2bdf,77,1ee2a739-943c-6d4a-ac75-f3374c8119b6
78,8,1ed8105d-c25e-65de-ac72-91b15023c51a,8,1eddeab9-2573-6e90-b57b-fdb33c0d2bdf,78,1ee2a73d-5e82-6c32-b6b6-3739bb52bd33
79,8,1ed8105d-c25e-65de-ac72-91b15023c51a,8,1eddeab9-2573-6e90-b57b-fdb33c0d2bdf,79,1ee5e605-b479-6b18-814b-8deccd812e93
80,8,1ed8105d-c25e-65de-ac72-91b15023c51a,8,1eddeab9-2573-6e90-b57b-fdb33c0d2bdf,80,1ee5e614-2b4f-6478-9c78-e161b043fb05
88,9,1ed8105d-c260-6c44-b7e5-91b15023c51a,9,1ed8105e-d44a-69fe-a8ab-eb85670ba8b0,81,1eda0174-a426-6260-abd3-e9f461aa8fe9
89,9,1ed8105d-c260-6c44-b7e5-91b15023c51a,9,1ed8105e-d44a-69fe-a8ab-eb85670ba8b0,82,1eda0e7c-7101-6a28-b100-5be360aff36a
90,9,1ed8105d-c260-6c44-b7e5-91b15023c51a,9,1ed8105e-d44a-69fe-a8ab-eb85670ba8b0,83,1eda0e80-8107-6e1e-b2ed-57b4e8931a56
91,9,1ed8105d-c260-6c44-b7e5-91b15023c51a,9,1ed8105e-d44a-69fe-a8ab-eb85670ba8b0,84,1edb4416-d164-6b1a-960d-1d2b35254a0e
92,9,1ed8105d-c260-6c44-b7e5-91b15023c51a,9,1ed8105e-d44a-69fe-a8ab-eb85670ba8b0,85,1edb4422-1e3a-6c72-a04e-cb649152afc9
93,9,1ed8105d-c260-6c44-b7e5-91b15023c51a,9,1ed8105e-d44a-69fe-a8ab-eb85670ba8b0,86,1edb4626-7328-63c8-8c0a-67fc24553b7d
94,9,1ed8105d-c260-6c44-b7e5-91b15023c51a,9,1ed8105e-d44a-69fe-a8ab-eb85670ba8b0,87,1edb4632-793d-65c2-8cb1-2f9eb5270cee
95,9,1ed8105d-c260-6c44-b7e5-91b15023c51a,9,1ed8105e-d44a-69fe-a8ab-eb85670ba8b0,88,1edb4949-52f7-642a-8930-191eef889794
96,9,1ed8105d-c260-6c44-b7e5-91b15023c51a,9,1ed8105e-d44a-69fe-a8ab-eb85670ba8b0,89,1edb5126-faa5-6f20-bdc6-0b4aec0c7f0c
97,9,1ed8105d-c260-6c44-b7e5-91b15023c51a,9,1ed8105e-d44a-69fe-a8ab-eb85670ba8b0,90,1edbdb61-1f24-6e7c-93a1-738712bbcfb4
98,10,1ed8105d-c261-6e8c-ad39-91b15023c51a,10,1eddd3c7-902d-63de-ad77-451694ed2dd7,91,1edfaf44-5160-6520-94b3-7bea2b554ab3
99,10,1ed8105d-c261-6e8c-ad39-91b15023c51a,10,1eddd3c7-902d-63de-ad77-451694ed2dd7,92,1ee0ee43-95c5-626c-bab6-317febd84f0c
100,10,1ed8105d-c261-6e8c-ad39-91b15023c51a,10,1eddd3c7-902d-63de-ad77-451694ed2dd7,93,1ee10f4f-3bb2-6bc6-8481-abcf5f83a6c7
101,10,1ed8105d-c261-6e8c-ad39-91b15023c51a,10,1eddd3c7-902d-63de-ad77-451694ed2dd7,94,1ee1bdee-3d1d-66fc-9934-f5eb0097e4a5
102,10,1ed8105d-c261-6e8c-ad39-91b15023c51a,10,1eddd3c7-902d-63de-ad77-451694ed2dd7,95,1ee1be90-8fd4-6d6c-b575-65b1b5854e9d
103,10,1ed8105d-c261-6e8c-ad39-91b15023c51a,10,1eddd3c7-902d-63de-ad77-451694ed2dd7,96,1ee1bfa8-86ed-66b8-9b57-c7ca665cafcb
104,10,1ed8105d-c261-6e8c-ad39-91b15023c51a,10,1eddd3c7-902d-63de-ad77-451694ed2dd7,97,1ee1c333-34b5-6740-8272-4fad1c528b88
105,10,1ed8105d-c261-6e8c-ad39-91b15023c51a,10,1eddd3c7-902d-63de-ad77-451694ed2dd7,98,1ee1f4f2-eaa8-6dea-818c-4f0518ace1a4
106,10,1ed8105d-c261-6e8c-ad39-91b15023c51a,10,1eddd3c7-902d-63de-ad77-451694ed2dd7,99,1ee50df3-4b31-6d80-b4ce-7596f02a8122
107,10,1ed8105d-c261-6e8c-ad39-91b15023c51a,10,1eddd3c7-902d-63de-ad77-451694ed2dd7,100,1ee555e8-32a7-6138-97cf-d5b56bef12ec
108,11,1ed8105d-c263-60de-af29-91b15023c51a,11,018ebcea-e5b1-7688-8b20-cb01486bae8a,101,0190461f-49d2-78ac-9a06-025f5f84e1e4
109,11,1ed8105d-c263-60de-af29-91b15023c51a,11,018ebcea-e5b1-7688-8b20-cb01486bae8a,102,0190e11d-c589-73b2-93fb-88e2451bbe07
110,11,1ed8105d-c263-60de-af29-91b15023c51a,11,018ebcea-e5b1-7688-8b20-cb01486bae8a,103,0190e11f-14aa-7b71-b393-059df550b3f7
111,11,1ed8105d-c263-60de-af29-91b15023c51a,11,018ebcea-e5b1-7688-8b20-cb01486bae8a,104,0190e120-4333-7cfe-b2a8-19bec5dfa9c6
112,11,1ed8105d-c263-60de-af29-91b15023c51a,11,018ebcea-e5b1-7688-8b20-cb01486bae8a,105,0190e121-2b83-70d0-a1ed-9a9b3c152281
113,11,1ed8105d-c263-60de-af29-91b15023c51a,11,018ebcea-e5b1-7688-8b20-cb01486bae8a,106,0190e122-f23a-766a-aa27-1c1faa2a9db6
114,11,1ed8105d-c263-60de-af29-91b15023c51a,11,018ebcea-e5b1-7688-8b20-cb01486bae8a,107,0190e124-32b8-70a0-8d84-ee475848a9db
116,11,1ed8105d-c263-60de-af29-91b15023c51a,11,018ebcea-e5b1-7688-8b20-cb01486bae8a,108,01918a94-df02-756a-8793-dcfc94a47453
117,11,1ed8105d-c263-60de-af29-91b15023c51a,11,018ebcea-e5b1-7688-8b20-cb01486bae8a,109,01918a96-3924-7c32-8768-2d28f8b3e46e
118,11,1ed8105d-c263-60de-af29-91b15023c51a,11,018ebcea-e5b1-7688-8b20-cb01486bae8a,110,019199a5-d842-7df6-ac6d-334ca7e33035
127,12,1ed8105d-c265-64e2-ac48-91b15023c51a,12,1ed8105e-d348-6ca4-b76f-eb85670ba8b0,111,1edc4b84-5bb7-600e-8681-3be895ab1517
128,12,1ed8105d-c265-64e2-ac48-91b15023c51a,12,1ed8105e-d348-6ca4-b76f-eb85670ba8b0,112,1edc6913-0eef-6f76-895e-bb2fc521eab8
129,12,1ed8105d-c265-64e2-ac48-91b15023c51a,12,1ed8105e-d348-6ca4-b76f-eb85670ba8b0,113,1edc6fd8-8e12-69ea-bbcd-dfe4b995708d
130,12,1ed8105d-c265-64e2-ac48-91b15023c51a,12,1ed8105e-d348-6ca4-b76f-eb85670ba8b0,114,1edd9dfb-f2ea-6e6a-ab1c-9131fecd1339
131,12,1ed8105d-c265-64e2-ac48-91b15023c51a,12,1ed8105e-d348-6ca4-b76f-eb85670ba8b0,115,1edd9eae-0920-60e2-9ad8-2b59acdbeadc
132,12,1ed8105d-c265-64e2-ac48-91b15023c51a,12,1ed8105e-d348-6ca4-b76f-eb85670ba8b0,116,1edd9f87-2900-677a-bb61-43a402e450c2
133,12,1ed8105d-c265-64e2-ac48-91b15023c51a,12,1ed8105e-d348-6ca4-b76f-eb85670ba8b0,117,1edd9fe2-c74e-6304-a7ed-37ceca6ca6c6
134,12,1ed8105d-c265-64e2-ac48-91b15023c51a,12,1ed8105e-d348-6ca4-b76f-eb85670ba8b0,118,1edd9fe8-d276-6b2c-84f7-4344b4da10e4
135,12,1ed8105d-c265-64e2-ac48-91b15023c51a,12,1ed8105e-d348-6ca4-b76f-eb85670ba8b0,119,1eddd08c-644f-670a-85bd-9db1ff1c4c1c
136,12,1ed8105d-c265-64e2-ac48-91b15023c51a,12,1ed8105e-d348-6ca4-b76f-eb85670ba8b0,120,1edddd62-6b21-6ff0-b444-3f77f2ffb494
137,13,1ed8105d-c266-66ee-bd9b-91b15023c51a,13,1eddd3c4-52a2-6828-92b2-9f6b584e6927,121,1eded85c-c4b7-66fa-8258-6fe2cd0abe70
138,13,1ed8105d-c266-66ee-bd9b-91b15023c51a,13,1eddd3c4-52a2-6828-92b2-9f6b584e6927,122,1edf35be-ef44-6200-852b-e1e42655e747
139,13,1ed8105d-c266-66ee-bd9b-91b15023c51a,13,1eddd3c4-52a2-6828-92b2-9f6b584e6927,123,1ee04a69-06c4-6ef6-a2b7-13ee6ff934e8
140,13,1ed8105d-c266-66ee-bd9b-91b15023c51a,13,1eddd3c4-52a2-6828-92b2-9f6b584e6927,124,1ee05d4d-8a1a-6098-a414-e916ae70b359
141,13,1ed8105d-c266-66ee-bd9b-91b15023c51a,13,1eddd3c4-52a2-6828-92b2-9f6b584e6927,125,1ee087c6-86b7-6024-ae01-e19a88591093
142,13,1ed8105d-c266-66ee-bd9b-91b15023c51a,13,1eddd3c4-52a2-6828-92b2-9f6b584e6927,126,1ee111b1-cdcf-6ffe-ba55-214ae2beb6d5
143,13,1ed8105d-c266-66ee-bd9b-91b15023c51a,13,1eddd3c4-52a2-6828-92b2-9f6b584e6927,127,1ee14fac-776d-68c6-8120-3f5d7853ec5f
144,13,1ed8105d-c266-66ee-bd9b-91b15023c51a,13,1eddd3c4-52a2-6828-92b2-9f6b584e6927,128,1ee1bfbc-c049-6e02-b9ba-99cffdec962b
145,13,1ed8105d-c266-66ee-bd9b-91b15023c51a,13,1eddd3c4-52a2-6828-92b2-9f6b584e6927,129,1ee270a7-51ac-670a-9b8c-7320183a4279
146,13,1ed8105d-c266-66ee-bd9b-91b15023c51a,13,1eddd3c4-52a2-6828-92b2-9f6b584e6927,130,1ee4289c-a92e-6600-919e-55eebec03d90
147,14,1ed8105d-c267-690e-87d6-91b15023c51a,14,1ed8105e-d48f-657c-8daa-eb85670ba8b0,131,1eda19c7-bda0-62ca-857a-2166f874c309
148,14,1ed8105d-c267-690e-87d6-91b15023c51a,14,1ed8105e-d48f-657c-8daa-eb85670ba8b0,132,1edb78f1-a9cf-655e-9a3d-ab0b7bbc2862
149,14,1ed8105d-c267-690e-87d6-91b15023c51a,14,1ed8105e-d48f-657c-8daa-eb85670ba8b0,133,1edb8553-9d75-6164-807d-11038f7f12f7
150,14,1ed8105d-c267-690e-87d6-91b15023c51a,14,1ed8105e-d48f-657c-8daa-eb85670ba8b0,134,1edc5c10-5e32-6936-a430-53bf64e63742
151,14,1ed8105d-c267-690e-87d6-91b15023c51a,14,1ed8105e-d48f-657c-8daa-eb85670ba8b0,135,1edcbe4f-ee5b-6d68-9cfe-6f1d5b46230d
152,14,1ed8105d-c267-690e-87d6-91b15023c51a,14,1ed8105e-d48f-657c-8daa-eb85670ba8b0,136,1edcbfb5-cfce-6b2c-b2d5-e90538c2f05a
153,14,1ed8105d-c267-690e-87d6-91b15023c51a,14,1ed8105e-d48f-657c-8daa-eb85670ba8b0,137,1edd4617-5421-6a0e-a7a3-7732f41ffd2c
154,14,1ed8105d-c267-690e-87d6-91b15023c51a,14,1ed8105e-d48f-657c-8daa-eb85670ba8b0,138,1edd57b4-4ed0-6330-9cfb-cf2cbd1426af
155,14,1ed8105d-c267-690e-87d6-91b15023c51a,14,1ed8105e-d48f-657c-8daa-eb85670ba8b0,139,1edd7d23-4d51-6cfe-b044-1594ec55ab39
156,15,1ed8105d-c268-6ad4-97c3-91b15023c51a,15,1eddd3dc-88ba-697a-9d6d-99ea70f111aa,140,1edf6554-1284-6c3c-8111-d998ddc277f0
157,15,1ed8105d-c268-6ad4-97c3-91b15023c51a,15,1eddd3dc-88ba-697a-9d6d-99ea70f111aa,141,1edf8245-2438-69ca-8462-a788b80ffe07
158,15,1ed8105d-c268-6ad4-97c3-91b15023c51a,15,1eddd3dc-88ba-697a-9d6d-99ea70f111aa,142,1ee0a7ab-8427-6e1c-a440-6dddacbf6adc
159,15,1ed8105d-c268-6ad4-97c3-91b15023c51a,15,1eddd3dc-88ba-697a-9d6d-99ea70f111aa,143,1ee1b286-2ef2-6730-a41c-8fb585aa3bfd
160,15,1ed8105d-c268-6ad4-97c3-91b15023c51a,15,1eddd3dc-88ba-697a-9d6d-99ea70f111aa,144,1ee1b293-efc1-6454-af57-9bb97bb23462
161,15,1ed8105d-c268-6ad4-97c3-91b15023c51a,15,1eddd3dc-88ba-697a-9d6d-99ea70f111aa,145,1ee25b02-27c0-6c80-8956-79d13d6c8b1b
162,15,1ed8105d-c268-6ad4-97c3-91b15023c51a,15,1eddd3dc-88ba-697a-9d6d-99ea70f111aa,146,1ee29e12-eea3-69ee-9209-4f772dde14dc
163,15,1ed8105d-c268-6ad4-97c3-91b15023c51a,15,1eddd3dc-88ba-697a-9d6d-99ea70f111aa,147,1ee2cc30-4d08-6a3e-b9b2-4d6a462c3d22
164,15,1ed8105d-c268-6ad4-97c3-91b15023c51a,15,1eddd3dc-88ba-697a-9d6d-99ea70f111aa,148,1ee4315a-026d-6cf0-8a82-8b214b2bae5c
165,15,1ed8105d-c268-6ad4-97c3-91b15023c51a,15,1eddd3dc-88ba-697a-9d6d-99ea70f111aa,149,1ee44b0c-76e7-6e02-a538-1b255172081d
167,16,1ed8105d-c269-6cae-8e52-91b15023c51a,16,1eddd3bc-e429-636c-aa9a-45d2c4170d2f,150,1ee0a938-1c0e-66a8-bdd8-35eefe9ed633
168,16,1ed8105d-c269-6cae-8e52-91b15023c51a,16,1eddd3bc-e429-636c-aa9a-45d2c4170d2f,151,1ee0a945-6717-6bba-9551-6d2adcb27c3a
169,16,1ed8105d-c269-6cae-8e52-91b15023c51a,16,1eddd3bc-e429-636c-aa9a-45d2c4170d2f,152,1ee263fb-8e45-638c-83a2-518702118a89
170,16,1ed8105d-c269-6cae-8e52-91b15023c51a,16,1eddd3bc-e429-636c-aa9a-45d2c4170d2f,153,1ee26401-ec69-63ea-902a-03802c27da20
171,16,1ed8105d-c269-6cae-8e52-91b15023c51a,16,1eddd3bc-e429-636c-aa9a-45d2c4170d2f,154,1ee26409-d07b-6bee-97d4-b1c0f2128bb6
172,16,1ed8105d-c269-6cae-8e52-91b15023c51a,16,1eddd3bc-e429-636c-aa9a-45d2c4170d2f,155,1ee2640f-d813-666c-9431-b78098aa276d
173,16,1ed8105d-c269-6cae-8e52-91b15023c51a,16,1eddd3bc-e429-636c-aa9a-45d2c4170d2f,156,1ee26416-45e0-6b80-9f24-afc4285c4d17
174,16,1ed8105d-c269-6cae-8e52-91b15023c51a,16,1eddd3bc-e429-636c-aa9a-45d2c4170d2f,157,1ee2c6d7-ef9a-60e4-a290-d3cae81881c6
175,16,1ed8105d-c269-6cae-8e52-91b15023c51a,16,1eddd3bc-e429-636c-aa9a-45d2c4170d2f,158,1ee5e0b0-282e-6c12-a9ea-3bcf080781f1
176,16,1ed8105d-c269-6cae-8e52-91b15023c51a,16,1eddd3bc-e429-636c-aa9a-45d2c4170d2f,159,1ee5e0b6-da0b-64a2-a08c-2fb9f0efbe9a
177,17,1ed8105d-c271-6f6c-8a7c-91b15023c51a,17,1ed8105e-d418-66ca-af82-eb85670ba8b0,160,1ed9d706-b3c0-643e-8be5-37e7bebe994e
178,17,1ed8105d-c271-6f6c-8a7c-91b15023c51a,17,1ed8105e-d418-66ca-af82-eb85670ba8b0,161,1ed9d727-5e58-6002-9bcf-493144af3f8d
179,17,1ed8105d-c271-6f6c-8a7c-91b15023c51a,17,1ed8105e-d418-66ca-af82-eb85670ba8b0,162,1edc418f-64b9-6250-aad3-f37b3b769958
180,17,1ed8105d-c271-6f6c-8a7c-91b15023c51a,17,1ed8105e-d418-66ca-af82-eb85670ba8b0,163,1edc419b-e56b-6f4a-ab48-578af727335a
181,17,1ed8105d-c271-6f6c-8a7c-91b15023c51a,17,1ed8105e-d418-66ca-af82-eb85670ba8b0,164,1edc41aa-c992-60da-b69a-37b65c20876f
182,17,1ed8105d-c271-6f6c-8a7c-91b15023c51a,17,1ed8105e-d418-66ca-af82-eb85670ba8b0,165,1edc41b4-c0dd-64d0-be2a-65b87603d1b2
183,17,1ed8105d-c271-6f6c-8a7c-91b15023c51a,17,1ed8105e-d418-66ca-af82-eb85670ba8b0,166,1edc41c3-fd92-6330-a92c-c92bfb53f5fe
184,17,1ed8105d-c271-6f6c-8a7c-91b15023c51a,17,1ed8105e-d418-66ca-af82-eb85670ba8b0,167,1edc41cf-9c09-6d5a-8759-cb375baf11f0
185,17,1ed8105d-c271-6f6c-8a7c-91b15023c51a,17,1ed8105e-d418-66ca-af82-eb85670ba8b0,168,1edc41db-433a-6c18-bc6e-cdbded3de538
186,17,1ed8105d-c271-6f6c-8a7c-91b15023c51a,17,1ed8105e-d418-66ca-af82-eb85670ba8b0,169,1edc41fd-c330-6284-a13b-a992b0c2f5ee
187,17,1ed8105d-c271-6f6c-8a7c-91b15023c51a,17,1ed8105e-d418-66ca-af82-eb85670ba8b0,170,1edc4207-362d-6d3c-a26f-1d9cf7208b4f
188,18,1ed8105d-c273-6182-a25d-91b15023c51a,18,1ee71a4e-e61e-621c-a3b1-43b74b365318,171,018cb300-1810-7885-8095-a3b84c4c5333
189,18,1ed8105d-c273-6182-a25d-91b15023c51a,18,1ee71a4e-e61e-621c-a3b1-43b74b365318,172,018cc03e-80ae-75b3-8abb-21d0e3176487
190,18,1ed8105d-c273-6182-a25d-91b15023c51a,18,1ee71a4e-e61e-621c-a3b1-43b74b365318,173,018cc0b6-f042-7af1-aef1-938a47b7e1f7
191,18,1ed8105d-c273-6182-a25d-91b15023c51a,18,1ee71a4e-e61e-621c-a3b1-43b74b365318,174,018d4bef-0ee9-76ff-8453-06206d3ac4e8
192,18,1ed8105d-c273-6182-a25d-91b15023c51a,18,1ee71a4e-e61e-621c-a3b1-43b74b365318,175,018d4d04-0c5e-7425-b3d1-dae0305ec01b
193,18,1ed8105d-c273-6182-a25d-91b15023c51a,18,1ee71a4e-e61e-621c-a3b1-43b74b365318,176,018deb3b-19b7-735c-bc2e-3f886e424de8
194,18,1ed8105d-c273-6182-a25d-91b15023c51a,18,1ee71a4e-e61e-621c-a3b1-43b74b365318,177,018e0592-bfbd-7dfd-b4e3-45bd40f4e751
195,18,1ed8105d-c273-6182-a25d-91b15023c51a,18,1ee71a4e-e61e-621c-a3b1-43b74b365318,178,018e15e4-964d-70e0-9124-b794a3147b6c
196,18,1ed8105d-c273-6182-a25d-91b15023c51a,18,1ee71a4e-e61e-621c-a3b1-43b74b365318,179,018ebf89-c069-7a8d-9a94-e499d405cbf2
197,18,1ed8105d-c273-6182-a25d-91b15023c51a,18,1ee71a4e-e61e-621c-a3b1-43b74b365318,180,018ed428-8689-734b-86f3-5a0568c9bbe2
198,19,1ed8105d-c274-63f2-a410-91b15023c51a,19,1ed8105e-d42c-6288-b3ad-eb85670ba8b0,181,1ed8ae76-b0bd-666a-afb9-47b62027ce59
199,19,1ed8105d-c274-63f2-a410-91b15023c51a,19,1ed8105e-d42c-6288-b3ad-eb85670ba8b0,182,1ed8ae91-6c84-6dde-b09d-fbdda78150c7
200,19,1ed8105d-c274-63f2-a410-91b15023c51a,19,1ed8105e-d42c-6288-b3ad-eb85670ba8b0,183,1ed95bf3-802a-6c5c-b8c2-1fb0e24abfd2
201,19,1ed8105d-c274-63f2-a410-91b15023c51a,19,1ed8105e-d42c-6288-b3ad-eb85670ba8b0,184,1edae239-8bd3-65c2-ba96-15aee2fc6c2b
202,19,1ed8105d-c274-63f2-a410-91b15023c51a,19,1ed8105e-d42c-6288-b3ad-eb85670ba8b0,185,1edae251-06b3-64b0-9f57-df2547d6d994
203,19,1ed8105d-c274-63f2-a410-91b15023c51a,19,1ed8105e-d42c-6288-b3ad-eb85670ba8b0,186,1edc69ab-4359-6a1c-a3d4-6b4532bdc6ae
204,19,1ed8105d-c274-63f2-a410-91b15023c51a,19,1ed8105e-d42c-6288-b3ad-eb85670ba8b0,187,1edc69e9-d067-625e-8ca5-631dc83c5b8f
205,19,1ed8105d-c274-63f2-a410-91b15023c51a,19,1ed8105e-d42c-6288-b3ad-eb85670ba8b0,188,1edce111-e4d9-6094-bc5f-2307a3a7b3ab
206,19,1ed8105d-c274-63f2-a410-91b15023c51a,19,1ed8105e-d42c-6288-b3ad-eb85670ba8b0,189,1edce133-5bd4-6d26-bb18-0fc41af6ff55
207,19,1ed8105d-c274-63f2-a410-91b15023c51a,19,1ed8105e-d42c-6288-b3ad-eb85670ba8b0,190,1edd2574-ce18-6f88-8374-e9aa00947c76
208,20,1ed8105d-c275-67b6-b0e9-91b15023c51a,20,1eddd3da-c6b7-634c-99ed-41ec61661a82,191,1ee053e2-4097-6700-9fb9-67752e2ce738
209,20,1ed8105d-c275-67b6-b0e9-91b15023c51a,20,1eddd3da-c6b7-634c-99ed-41ec61661a82,192,1ee053e9-bd3f-69b8-9d88-3b4510e74a1d
210,20,1ed8105d-c275-67b6-b0e9-91b15023c51a,20,1eddd3da-c6b7-634c-99ed-41ec61661a82,193,1ee0aa77-d212-6c02-af96-c519cb42bd37
211,20,1ed8105d-c275-67b6-b0e9-91b15023c51a,20,1eddd3da-c6b7-634c-99ed-41ec61661a82,194,1ee0aa7b-8c30-6a3c-9b48-b75be47c68c6
213,20,1ed8105d-c275-67b6-b0e9-91b15023c51a,20,1eddd3da-c6b7-634c-99ed-41ec61661a82,195,1ee0aafb-09e6-611e-ae5e-a541fe583b4f
214,20,1ed8105d-c275-67b6-b0e9-91b15023c51a,20,1eddd3da-c6b7-634c-99ed-41ec61661a82,196,1ee0e96f-943d-6fd0-9237-e7994491309e
215,20,1ed8105d-c275-67b6-b0e9-91b15023c51a,20,1eddd3da-c6b7-634c-99ed-41ec61661a82,197,1ee1509d-a4fd-6fc4-9cfd-c1772da1a6fa
216,20,1ed8105d-c275-67b6-b0e9-91b15023c51a,20,1eddd3da-c6b7-634c-99ed-41ec61661a82,198,1ee150a1-5235-64e6-a43c-45848d96ba4e
217,20,1ed8105d-c275-67b6-b0e9-91b15023c51a,20,1eddd3da-c6b7-634c-99ed-41ec61661a82,199,1ee2c08a-dbc3-6424-8abb-eb3f2af33ec9
219,20,1ed8105d-c275-67b6-b0e9-91b15023c51a,20,1eddd3da-c6b7-634c-99ed-41ec61661a82,200,1ee81798-49ba-6946-9986-1721971dad50
220,20,1ed8105d-c275-67b6-b0e9-91b15023c51a,20,1eddd3da-c6b7-634c-99ed-41ec61661a82,201,1ee8183d-a41f-686e-a41c-5db180efe4a6
221,21,1ed8105d-c276-6a58-9f67-91b15023c51a,21,1ed8105e-d33f-6050-9e16-eb85670ba8b0,202,1edc97bd-472f-6dea-9689-339227ccf2f4
222,21,1ed8105d-c276-6a58-9f67-91b15023c51a,21,1ed8105e-d33f-6050-9e16-eb85670ba8b0,203,1edc97c0-a87b-601a-ac96-c987d99a499a
223,21,1ed8105d-c276-6a58-9f67-91b15023c51a,21,1ed8105e-d33f-6050-9e16-eb85670ba8b0,204,1edc97c8-8748-6516-a020-bf16eef3d8a5
224,21,1ed8105d-c276-6a58-9f67-91b15023c51a,21,1ed8105e-d33f-6050-9e16-eb85670ba8b0,205,1edc97ef-7693-65f0-b663-bf380dcf05da
225,21,1ed8105d-c276-6a58-9f67-91b15023c51a,21,1ed8105e-d33f-6050-9e16-eb85670ba8b0,206,1edc97fc-ea50-6d82-b8c8-05103decf5c7
226,21,1ed8105d-c276-6a58-9f67-91b15023c51a,21,1ed8105e-d33f-6050-9e16-eb85670ba8b0,207,1edd9fe3-5bd7-67aa-9bb5-1d4d35399fae
227,21,1ed8105d-c276-6a58-9f67-91b15023c51a,21,1ed8105e-d33f-6050-9e16-eb85670ba8b0,208,1edd9fe6-aa29-62a2-b62e-07c8e2bb066f
228,21,1ed8105d-c276-6a58-9f67-91b15023c51a,21,1ed8105e-d33f-6050-9e16-eb85670ba8b0,209,1edd9fe9-573e-63dc-9521-3db0ea6b4704
229,21,1ed8105d-c276-6a58-9f67-91b15023c51a,21,1ed8105e-d33f-6050-9e16-eb85670ba8b0,210,1edd9fec-1c1f-6bf4-8066-99a920c8ef72
230,21,1ed8105d-c276-6a58-9f67-91b15023c51a,21,1ed8105e-d33f-6050-9e16-eb85670ba8b0,211,1edd9fee-3d74-60be-915a-a52820ef9a13
231,22,1ed8105d-c279-6f14-ace1-91b15023c51a,22,1ed8105e-d47b-681a-ad73-eb85670ba8b0,212,1edc9733-99fe-61a0-8bbe-21fb4bf11b7e
232,22,1ed8105d-c279-6f14-ace1-91b15023c51a,22,1ed8105e-d47b-681a-ad73-eb85670ba8b0,213,1edd17c7-9423-6e50-8a86-f3648756f67b
233,22,1ed8105d-c279-6f14-ace1-91b15023c51a,22,1ed8105e-d47b-681a-ad73-eb85670ba8b0,214,1edd3926-1b4c-69f2-bea8-d7d5c491f78c
234,22,1ed8105d-c279-6f14-ace1-91b15023c51a,22,1ed8105e-d47b-681a-ad73-eb85670ba8b0,215,1edd7e1b-997a-6538-9059-e3142430fdbe
235,22,1ed8105d-c279-6f14-ace1-91b15023c51a,22,1ed8105e-d47b-681a-ad73-eb85670ba8b0,216,1edd7ec4-c853-63ec-9a3c-db710cb5fbbb
236,22,1ed8105d-c279-6f14-ace1-91b15023c51a,22,1ed8105e-d47b-681a-ad73-eb85670ba8b0,217,1edd8911-418e-6346-b926-ab1cd26e4e81
237,22,1ed8105d-c279-6f14-ace1-91b15023c51a,22,1ed8105e-d47b-681a-ad73-eb85670ba8b0,218,1edd8bbf-9df3-6e1e-a8fe-6fa0bbebbb52
238,22,1ed8105d-c279-6f14-ace1-91b15023c51a,22,1ed8105e-d47b-681a-ad73-eb85670ba8b0,219,1eddd47e-7cef-69f4-8bb0-e9527d1e9d92
239,22,1ed8105d-c279-6f14-ace1-91b15023c51a,22,1ed8105e-d47b-681a-ad73-eb85670ba8b0,220,1eddd480-586d-62fa-a9a5-0b3bf0769412
240,22,1ed8105d-c279-6f14-ace1-91b15023c51a,22,1ed8105e-d47b-681a-ad73-eb85670ba8b0,221,1eddd484-2703-6fda-82cb-0db98b6b2c5c
241,23,1ed8105d-c27b-6030-b6a4-91b15023c51a,23,1eddd3e9-c57b-6d2a-892d-c5d89ed15fa9,222,1ee0e054-ff51-644e-ad9f-eba3ec5559f5
242,23,1ed8105d-c27b-6030-b6a4-91b15023c51a,23,1eddd3e9-c57b-6d2a-892d-c5d89ed15fa9,223,1ee16600-ffc3-67f6-896e-b1e04935fa37
243,23,1ed8105d-c27b-6030-b6a4-91b15023c51a,23,1eddd3e9-c57b-6d2a-892d-c5d89ed15fa9,224,1ee256a4-5c39-6eba-99f3-8de5b17f8dca
244,23,1ed8105d-c27b-6030-b6a4-91b15023c51a,23,1eddd3e9-c57b-6d2a-892d-c5d89ed15fa9,225,1ee256a8-de38-634a-9a1b-6521c5ac18fe
245,23,1ed8105d-c27b-6030-b6a4-91b15023c51a,23,1eddd3e9-c57b-6d2a-892d-c5d89ed15fa9,226,1ee256b0-7554-642a-99ba-3394e8858a0c
246,23,1ed8105d-c27b-6030-b6a4-91b15023c51a,23,1eddd3e9-c57b-6d2a-892d-c5d89ed15fa9,227,1ee2591b-6efd-6ac8-97d1-099aca3c9281
247,23,1ed8105d-c27b-6030-b6a4-91b15023c51a,23,1eddd3e9-c57b-6d2a-892d-c5d89ed15fa9,228,1ee27180-ab68-6de6-93cf-afac6c523756
248,23,1ed8105d-c27b-6030-b6a4-91b15023c51a,23,1eddd3e9-c57b-6d2a-892d-c5d89ed15fa9,229,1ee2a548-6df8-6136-8775-53213f47ef2e
249,23,1ed8105d-c27b-6030-b6a4-91b15023c51a,23,1eddd3e9-c57b-6d2a-892d-c5d89ed15fa9,230,1ee57d40-0a99-6892-8d8a-bbf02b12a6d5
250,23,1ed8105d-c27b-6030-b6a4-91b15023c51a,23,1eddd3e9-c57b-6d2a-892d-c5d89ed15fa9,231,1ee5f9e8-156a-671a-975c-1f47254e3a4a
251,24,1ed8105d-c27c-61e2-b822-91b15023c51a,24,1ed8105e-d3b5-667e-b3e9-eb85670ba8b0,232,1edae149-81e9-6da4-a6ca-e330e1339200
252,24,1ed8105d-c27c-61e2-b822-91b15023c51a,24,1ed8105e-d3b5-667e-b3e9-eb85670ba8b0,233,1edae153-2fec-661e-8356-950442f1d73a
254,24,1ed8105d-c27c-61e2-b822-91b15023c51a,24,1ed8105e-d3b5-667e-b3e9-eb85670ba8b0,234,1edae170-5899-6694-b817-e9cd4d04ab4c
255,24,1ed8105d-c27c-61e2-b822-91b15023c51a,24,1ed8105e-d3b5-667e-b3e9-eb85670ba8b0,235,1edae178-a088-6dbc-af65-cbf4b92f9337
256,24,1ed8105d-c27c-61e2-b822-91b15023c51a,24,1ed8105e-d3b5-667e-b3e9-eb85670ba8b0,236,1edae17c-f655-61ce-991d-a1157e2a21d3
257,24,1ed8105d-c27c-61e2-b822-91b15023c51a,24,1ed8105e-d3b5-667e-b3e9-eb85670ba8b0,237,1edae182-30fd-66b4-944a-b9c3f4f26b19
258,24,1ed8105d-c27c-61e2-b822-91b15023c51a,24,1ed8105e-d3b5-667e-b3e9-eb85670ba8b0,238,1edae186-36bc-622c-b289-233afb4bf5b0
259,24,1ed8105d-c27c-61e2-b822-91b15023c51a,24,1ed8105e-d3b5-667e-b3e9-eb85670ba8b0,239,1edae18a-db6a-68f6-9eea-d394463a7677
260,24,1ed8105d-c27c-61e2-b822-91b15023c51a,24,1ed8105e-d3b5-667e-b3e9-eb85670ba8b0,240,1edae18d-8897-67b6-9d31-0907b897f4aa
261,24,1ed8105d-c27c-61e2-b822-91b15023c51a,24,1ed8105e-d3b5-667e-b3e9-eb85670ba8b0,241,1edcc0cb-d7f0-6c8a-b50e-d11109c97338
262,25,1ed8105d-c27d-6326-a237-91b15023c51a,25,1ed8105e-d383-6e58-824c-eb85670ba8b0,242,1ed91928-c88e-6ec0-a870-179cd6546706
263,25,1ed8105d-c27d-6326-a237-91b15023c51a,25,1ed8105e-d383-6e58-824c-eb85670ba8b0,243,1ed9c0f1-7114-62dc-848d-dd3d3306665a
264,25,1ed8105d-c27d-6326-a237-91b15023c51a,25,1ed8105e-d383-6e58-824c-eb85670ba8b0,244,1eda331a-8ba4-6dae-9b8e-8767fdd902df
265,25,1ed8105d-c27d-6326-a237-91b15023c51a,25,1ed8105e-d383-6e58-824c-eb85670ba8b0,245,1edb7842-3140-6fd4-965f-9b042d4b6d32
266,25,1ed8105d-c27d-6326-a237-91b15023c51a,25,1ed8105e-d383-6e58-824c-eb85670ba8b0,246,1edb78aa-1cb2-6f28-9fc1-1fbac09a8f71
267,25,1ed8105d-c27d-6326-a237-91b15023c51a,25,1ed8105e-d383-6e58-824c-eb85670ba8b0,247,1eddabaa-42ec-6da8-9a58-d1393de138bc
268,25,1ed8105d-c27d-6326-a237-91b15023c51a,25,1ed8105e-d383-6e58-824c-eb85670ba8b0,248,1eddabb8-1259-6b7e-abaa-5d4944326cd7
269,25,1ed8105d-c27d-6326-a237-91b15023c51a,25,1ed8105e-d383-6e58-824c-eb85670ba8b0,249,1eddabc4-e6c3-6b4c-b488-61f44aaa13f2
270,25,1ed8105d-c27d-6326-a237-91b15023c51a,25,1ed8105e-d383-6e58-824c-eb85670ba8b0,250,1edde24f-a50a-60ea-9e1b-e9b4e38e78c7
271,25,1ed8105d-c27d-6326-a237-91b15023c51a,25,1ed8105e-d383-6e58-824c-eb85670ba8b0,251,1edde265-9a46-6346-b9b7-ed4662d0905e
272,26,1ed8105d-c27e-64d8-a201-91b15023c51a,26,1eddd3de-6704-6400-9d4c-93b2bf63d7b9,252,1ee24d56-906a-6b28-9c73-89890a17632b
273,26,1ed8105d-c27e-64d8-a201-91b15023c51a,26,1eddd3de-6704-6400-9d4c-93b2bf63d7b9,253,1ee24d6d-ad4d-6c60-84e3-27c06b4e7125
274,26,1ed8105d-c27e-64d8-a201-91b15023c51a,26,1eddd3de-6704-6400-9d4c-93b2bf63d7b9,254,1ee24d7b-0d3a-6e5e-b66b-fb30b7b4afa7
275,26,1ed8105d-c27e-64d8-a201-91b15023c51a,26,1eddd3de-6704-6400-9d4c-93b2bf63d7b9,255,1ee24d8b-1b37-6cfe-a6d9-978984bf4342
276,26,1ed8105d-c27e-64d8-a201-91b15023c51a,26,1eddd3de-6704-6400-9d4c-93b2bf63d7b9,256,1ee24da5-e52b-6546-a344-f3e32793c9e6
277,26,1ed8105d-c27e-64d8-a201-91b15023c51a,26,1eddd3de-6704-6400-9d4c-93b2bf63d7b9,257,1ee24db9-f9a7-6362-9a56-dff46bd50698
278,26,1ed8105d-c27e-64d8-a201-91b15023c51a,26,1eddd3de-6704-6400-9d4c-93b2bf63d7b9,258,1ee2a274-4ad5-6f90-9196-7ffd895417c5
279,26,1ed8105d-c27e-64d8-a201-91b15023c51a,26,1eddd3de-6704-6400-9d4c-93b2bf63d7b9,259,1ee2b115-845f-640a-a820-b9c0b25cbf13
280,26,1ed8105d-c27e-64d8-a201-91b15023c51a,26,1eddd3de-6704-6400-9d4c-93b2bf63d7b9,260,1ee5fc0d-d297-6352-ba43-b10eac6d1d74
281,26,1ed8105d-c27e-64d8-a201-91b15023c51a,26,1eddd3de-6704-6400-9d4c-93b2bf63d7b9,261,1ee5fc1a-5f28-6c24-92d7-970a11ffff58
282,27,1ed8105d-c27f-66da-bab5-91b15023c51a,27,1ed8105e-d485-6748-b7f3-eb85670ba8b0,262,1eda6fd1-582e-6102-b183-6d6d13c0f698
283,27,1ed8105d-c27f-66da-bab5-91b15023c51a,27,1ed8105e-d485-6748-b7f3-eb85670ba8b0,263,1edb606a-b143-6e06-ae12-5f73329c03f6
284,27,1ed8105d-c27f-66da-bab5-91b15023c51a,27,1ed8105e-d485-6748-b7f3-eb85670ba8b0,264,1edbc0b9-cc81-686c-a7fb-515db0902ca8
285,27,1ed8105d-c27f-66da-bab5-91b15023c51a,27,1ed8105e-d485-6748-b7f3-eb85670ba8b0,265,1edc25ff-6d93-6ca0-98b2-2d10635ea327
286,27,1ed8105d-c27f-66da-bab5-91b15023c51a,27,1ed8105e-d485-6748-b7f3-eb85670ba8b0,266,1edc3e56-00d6-65a8-b548-8f71c964711f
287,27,1ed8105d-c27f-66da-bab5-91b15023c51a,27,1ed8105e-d485-6748-b7f3-eb85670ba8b0,267,1edc7275-3e00-6d86-8d09-17088854d0c2
288,27,1ed8105d-c27f-66da-bab5-91b15023c51a,27,1ed8105e-d485-6748-b7f3-eb85670ba8b0,268,1eddcc6c-4256-6046-9cf8-dfaddcc5c5f4
289,27,1ed8105d-c27f-66da-bab5-91b15023c51a,27,1ed8105e-d485-6748-b7f3-eb85670ba8b0,269,1eddcca3-ba76-6436-b619-4bd55d5517ec
290,27,1ed8105d-c27f-66da-bab5-91b15023c51a,27,1ed8105e-d485-6748-b7f3-eb85670ba8b0,270,1eddeb91-0bd0-69d8-ae59-6755b7e46bd3
291,27,1ed8105d-c27f-66da-bab5-91b15023c51a,27,1ed8105e-d485-6748-b7f3-eb85670ba8b0,271,1eddefd6-680b-6b0a-acfe-bd081ff3f9b6
292,28,1ed8105d-c280-695e-a7d3-91b15023c51a,28,1ed8105e-d436-60da-8b4c-eb85670ba8b0,272,1ed8549d-cea1-6dda-b35f-972eaa9476b9
293,28,1ed8105d-c280-695e-a7d3-91b15023c51a,28,1ed8105e-d436-60da-8b4c-eb85670ba8b0,273,1ed8cf74-8ef4-6cd0-8497-7986f54a820e
294,28,1ed8105d-c280-695e-a7d3-91b15023c51a,28,1ed8105e-d436-60da-8b4c-eb85670ba8b0,274,1edaab8e-cf47-65f6-a890-47b19b8fd030
295,28,1ed8105d-c280-695e-a7d3-91b15023c51a,28,1ed8105e-d436-60da-8b4c-eb85670ba8b0,275,1edb5b6d-2245-633c-ae1e-ef113294c788
296,28,1ed8105d-c280-695e-a7d3-91b15023c51a,28,1ed8105e-d436-60da-8b4c-eb85670ba8b0,276,1edb69dc-9672-6b1a-b0b5-6f51fed67369
297,28,1ed8105d-c280-695e-a7d3-91b15023c51a,28,1ed8105e-d436-60da-8b4c-eb85670ba8b0,277,1edb80ef-52ef-617a-abdf-b33dc5d191bd
298,28,1ed8105d-c280-695e-a7d3-91b15023c51a,28,1ed8105e-d436-60da-8b4c-eb85670ba8b0,278,1edbfeb7-05c7-6a3c-8a8a-1dbad7d01bd4
299,28,1ed8105d-c280-695e-a7d3-91b15023c51a,28,1ed8105e-d436-60da-8b4c-eb85670ba8b0,279,1edca4fe-1e99-663a-a59b-73ac34a706c8
300,28,1ed8105d-c280-695e-a7d3-91b15023c51a,28,1ed8105e-d436-60da-8b4c-eb85670ba8b0,280,1edd4873-7a26-66e2-82b6-e90e1ab5bf4e
301,28,1ed8105d-c280-695e-a7d3-91b15023c51a,28,1ed8105e-d436-60da-8b4c-eb85670ba8b0,281,1edd623d-2795-617e-b93c-4d5afd385114
302,29,1ed8105d-c282-6c72-8fc3-91b15023c51a,29,1eddd3e8-540b-6d30-b9d2-019ce0b570d2,282,1edf409f-59fe-6966-b24e-7719a7d97629
303,29,1ed8105d-c282-6c72-8fc3-91b15023c51a,29,1eddd3e8-540b-6d30-b9d2-019ce0b570d2,283,1edfae33-82a4-679c-87a2-f5e8417611bc
304,29,1ed8105d-c282-6c72-8fc3-91b15023c51a,29,1eddd3e8-540b-6d30-b9d2-019ce0b570d2,284,1edfae36-3a64-6c22-a0db-31dd5b00ba82
305,29,1ed8105d-c282-6c72-8fc3-91b15023c51a,29,1eddd3e8-540b-6d30-b9d2-019ce0b570d2,285,1ee0096c-2970-689e-905c-9317ade53ca1
306,29,1ed8105d-c282-6c72-8fc3-91b15023c51a,29,1eddd3e8-540b-6d30-b9d2-019ce0b570d2,286,1ee110fc-1236-6ab4-b8df-db36b20f7706
307,29,1ed8105d-c282-6c72-8fc3-91b15023c51a,29,1eddd3e8-540b-6d30-b9d2-019ce0b570d2,287,1ee1f0ed-e051-665c-a34f-fff7464fe3e2
308,29,1ed8105d-c282-6c72-8fc3-91b15023c51a,29,1eddd3e8-540b-6d30-b9d2-019ce0b570d2,288,1ee1f26d-051a-6c24-b100-19c0ecef7f3c
309,29,1ed8105d-c282-6c72-8fc3-91b15023c51a,29,1eddd3e8-540b-6d30-b9d2-019ce0b570d2,289,1ee21a3a-a83b-6a3a-b6ef-1d4ca1026fec
310,29,1ed8105d-c282-6c72-8fc3-91b15023c51a,29,1eddd3e8-540b-6d30-b9d2-019ce0b570d2,290,1ee52226-468e-669c-8389-cdf637d15713
311,29,1ed8105d-c282-6c72-8fc3-91b15023c51a,29,1eddd3e8-540b-6d30-b9d2-019ce0b570d2,291,1ee532d6-42c9-63de-ae7f-edf0fe07518d
312,30,1ed8105d-c283-6e1a-a12c-91b15023c51a,30,1eddd3c9-1b86-61d2-bf33-19db7be4521c,292,1ee006b3-8914-64be-925c-e5525feca91e
313,30,1ed8105d-c283-6e1a-a12c-91b15023c51a,30,1eddd3c9-1b86-61d2-bf33-19db7be4521c,293,1ee1c2f7-4a9a-6b64-adbe-27b5d94b62cc
314,30,1ed8105d-c283-6e1a-a12c-91b15023c51a,30,1eddd3c9-1b86-61d2-bf33-19db7be4521c,294,1ee1e982-8693-69de-835e-5f6011c63bcf
315,30,1ed8105d-c283-6e1a-a12c-91b15023c51a,30,1eddd3c9-1b86-61d2-bf33-19db7be4521c,295,1ee209a2-4de6-6d58-ba10-e95d1b37e561
316,30,1ed8105d-c283-6e1a-a12c-91b15023c51a,30,1eddd3c9-1b86-61d2-bf33-19db7be4521c,296,1ee209a7-bed4-63e4-9ea4-e71945c9e788
317,30,1ed8105d-c283-6e1a-a12c-91b15023c51a,30,1eddd3c9-1b86-61d2-bf33-19db7be4521c,297,1ee24ca3-8a8a-673e-ba59-5534384b5359
318,30,1ed8105d-c283-6e1a-a12c-91b15023c51a,30,1eddd3c9-1b86-61d2-bf33-19db7be4521c,298,1ee24ca6-afd8-6bbe-b261-c5dd8c5fdde9
319,30,1ed8105d-c283-6e1a-a12c-91b15023c51a,30,1eddd3c9-1b86-61d2-bf33-19db7be4521c,299,1ee24cac-73d8-6faa-a5e6-8570adc2cb4a
320,30,1ed8105d-c283-6e1a-a12c-91b15023c51a,30,1eddd3c9-1b86-61d2-bf33-19db7be4521c,300,1ee27154-e624-6c90-8501-73b101ecbf16
321,30,1ed8105d-c283-6e1a-a12c-91b15023c51a,30,1eddd3c9-1b86-61d2-bf33-19db7be4521c,301,1ee57d10-780a-68de-be3c-b99a76a7eed9
322,31,1ed8105d-c284-6fea-8410-91b15023c51a,31,1eddd3e0-291b-602e-88ed-f73eb6c28f97,302,1ede90f3-1d08-6f86-b69f-47f236cd46e1
323,31,1ed8105d-c284-6fea-8410-91b15023c51a,31,1eddd3e0-291b-602e-88ed-f73eb6c28f97,303,1edef3ce-deb7-6aea-92c6-a1abbfb93505
324,31,1ed8105d-c284-6fea-8410-91b15023c51a,31,1eddd3e0-291b-602e-88ed-f73eb6c28f97,304,1edfbb66-cc0e-671c-bae4-4306df9dfe02
325,31,1ed8105d-c284-6fea-8410-91b15023c51a,31,1eddd3e0-291b-602e-88ed-f73eb6c28f97,305,1ee0210b-0b49-6242-8ea9-b9d44d5f78fc
326,31,1ed8105d-c284-6fea-8410-91b15023c51a,31,1eddd3e0-291b-602e-88ed-f73eb6c28f97,306,1ee0b613-8556-6efc-93ba-f1f44540a0ac
327,31,1ed8105d-c284-6fea-8410-91b15023c51a,31,1eddd3e0-291b-602e-88ed-f73eb6c28f97,307,1ee139cf-a599-683c-b5c9-b720cd5b7763
328,31,1ed8105d-c284-6fea-8410-91b15023c51a,31,1eddd3e0-291b-602e-88ed-f73eb6c28f97,308,1ee1efc4-5d6f-67c2-a635-9ba407c25e47
329,31,1ed8105d-c284-6fea-8410-91b15023c51a,31,1eddd3e0-291b-602e-88ed-f73eb6c28f97,309,1ee3cf1f-d703-69bc-8790-8f1021faab86
330,31,1ed8105d-c284-6fea-8410-91b15023c51a,31,1eddd3e0-291b-602e-88ed-f73eb6c28f97,310,1ee520f8-e569-6908-aaf2-630087394a76
331,31,1ed8105d-c284-6fea-8410-91b15023c51a,31,1eddd3e0-291b-602e-88ed-f73eb6c28f97,311,1ee5b88a-7073-666a-9d49-271297b00490
332,32,1ed8105d-c286-61e2-abae-91b15023c51a,32,1eddd3c5-15a2-63be-bbad-334a59d5f687,312,1ee008f0-d4af-657e-b668-038ea9cf4f23
333,32,1ed8105d-c286-61e2-abae-91b15023c51a,32,1eddd3c5-15a2-63be-bbad-334a59d5f687,313,1ee008f4-657a-6b32-8909-b59f56ff64d7
334,32,1ed8105d-c286-61e2-abae-91b15023c51a,32,1eddd3c5-15a2-63be-bbad-334a59d5f687,314,1ee008f5-cb5a-6406-a2c2-37a90d767755
335,32,1ed8105d-c286-61e2-abae-91b15023c51a,32,1eddd3c5-15a2-63be-bbad-334a59d5f687,315,1ee008f7-a8bb-698e-85e2-cdc589a4eb4c
336,32,1ed8105d-c286-61e2-abae-91b15023c51a,32,1eddd3c5-15a2-63be-bbad-334a59d5f687,316,1ee008f9-9e8b-6c5a-a59a-a9bac3a901fe
337,32,1ed8105d-c286-61e2-abae-91b15023c51a,32,1eddd3c5-15a2-63be-bbad-334a59d5f687,317,1ee0a114-0b75-657a-a174-cd56b993941f
338,32,1ed8105d-c286-61e2-abae-91b15023c51a,32,1eddd3c5-15a2-63be-bbad-334a59d5f687,318,1ee0a116-401a-6724-8941-9dc9ce246094
339,32,1ed8105d-c286-61e2-abae-91b15023c51a,32,1eddd3c5-15a2-63be-bbad-334a59d5f687,319,1ee0a117-b66f-6cc0-8b02-87cf675501fb
340,32,1ed8105d-c286-61e2-abae-91b15023c51a,32,1eddd3c5-15a2-63be-bbad-334a59d5f687,320,1ee11b60-db44-69e2-94b2-9d61e188a86b
341,32,1ed8105d-c286-61e2-abae-91b15023c51a,32,1eddd3c5-15a2-63be-bbad-334a59d5f687,321,1ee3daad-910b-6ee8-8bb9-3dd15d185ca8
342,33,1ed8105d-c287-63d0-8e2a-91b15023c51a,33,1ed8105e-d3e7-6732-b43c-eb85670ba8b0,322,1ed86f17-6656-6b56-90bd-a53ba9389ed3
343,33,1ed8105d-c287-63d0-8e2a-91b15023c51a,33,1ed8105e-d3e7-6732-b43c-eb85670ba8b0,323,1ed86f42-ff1d-6198-9460-69a7f4365ef3
344,33,1ed8105d-c287-63d0-8e2a-91b15023c51a,33,1ed8105e-d3e7-6732-b43c-eb85670ba8b0,324,1ed982fb-f9ad-61e0-ab11-1dd87da9ef76
345,33,1ed8105d-c287-63d0-8e2a-91b15023c51a,33,1ed8105e-d3e7-6732-b43c-eb85670ba8b0,325,1eda1837-77e2-6cf6-a875-5b46c623dd15
346,33,1ed8105d-c287-63d0-8e2a-91b15023c51a,33,1ed8105e-d3e7-6732-b43c-eb85670ba8b0,326,1edb11f4-4d3e-6894-86cf-1786de63d677
347,33,1ed8105d-c287-63d0-8e2a-91b15023c51a,33,1ed8105e-d3e7-6732-b43c-eb85670ba8b0,327,1edb832c-ac06-67c4-8a78-d1b2bb930a3d
348,33,1ed8105d-c287-63d0-8e2a-91b15023c51a,33,1ed8105e-d3e7-6732-b43c-eb85670ba8b0,328,1edbc598-7c00-6dd2-aaa1-3fb953fa9cc4
349,33,1ed8105d-c287-63d0-8e2a-91b15023c51a,33,1ed8105e-d3e7-6732-b43c-eb85670ba8b0,329,1edbc659-7f46-6ea8-8662-a930953a0d71
350,33,1ed8105d-c287-63d0-8e2a-91b15023c51a,33,1ed8105e-d3e7-6732-b43c-eb85670ba8b0,330,1edc0fa7-98b4-6272-98f7-8f38297c126d
351,33,1ed8105d-c287-63d0-8e2a-91b15023c51a,33,1ed8105e-d3e7-6732-b43c-eb85670ba8b0,331,1edc587f-232e-6d42-b24b-f1ceafb637f1
352,34,1ed8105d-c288-65b4-875b-91b15023c51a,34,1ed8105e-d404-679c-afc7-eb85670ba8b0,332,1ed87863-6a19-68ba-a010-13fe2853d246
353,34,1ed8105d-c288-65b4-875b-91b15023c51a,34,1ed8105e-d404-679c-afc7-eb85670ba8b0,333,1ed9d888-df61-6114-b101-d9dc5afb6a9a
354,34,1ed8105d-c288-65b4-875b-91b15023c51a,34,1ed8105e-d404-679c-afc7-eb85670ba8b0,334,1eda0dbc-65bf-60c2-8252-29a7fe9f1d2d
355,34,1ed8105d-c288-65b4-875b-91b15023c51a,34,1ed8105e-d404-679c-afc7-eb85670ba8b0,335,1edaa306-e8ce-678a-a8b5-bd09adc060e0
356,34,1ed8105d-c288-65b4-875b-91b15023c51a,34,1ed8105e-d404-679c-afc7-eb85670ba8b0,336,1edb086b-07b7-62c2-a018-79721e80e1a8
357,34,1ed8105d-c288-65b4-875b-91b15023c51a,34,1ed8105e-d404-679c-afc7-eb85670ba8b0,337,1edb464c-76c9-6812-a782-2101ac502087
358,34,1ed8105d-c288-65b4-875b-91b15023c51a,34,1ed8105e-d404-679c-afc7-eb85670ba8b0,338,1edcf240-97ae-650e-999e-af41738c8773
359,34,1ed8105d-c288-65b4-875b-91b15023c51a,34,1ed8105e-d404-679c-afc7-eb85670ba8b0,339,1edde282-c078-6ac4-8ce0-a16e22cf5b07
360,34,1ed8105d-c288-65b4-875b-91b15023c51a,34,1ed8105e-d404-679c-afc7-eb85670ba8b0,340,1edde292-b67d-61cc-b068-e50abbfbb419
361,34,1ed8105d-c288-65b4-875b-91b15023c51a,34,1ed8105e-d404-679c-afc7-eb85670ba8b0,341,1edde297-d653-66b8-a72d-9906225f0d0a
362,35,1ed8105d-c28a-6a6c-8644-91b15023c51a,35,1eddd3db-b4dd-6b52-b289-970187b7e42c,342,1edfe21f-e5d8-6e4c-acb3-8f23ae39fe60
363,35,1ed8105d-c28a-6a6c-8644-91b15023c51a,35,1eddd3db-b4dd-6b52-b289-970187b7e42c,343,1ee1011a-7aa8-647c-9fc0-6528e3e8691b
364,35,1ed8105d-c28a-6a6c-8644-91b15023c51a,35,1eddd3db-b4dd-6b52-b289-970187b7e42c,344,1ee10180-d23d-614a-8ea3-2b78689e229c
365,35,1ed8105d-c28a-6a6c-8644-91b15023c51a,35,1eddd3db-b4dd-6b52-b289-970187b7e42c,345,1ee10fba-7587-614c-bf76-218a24a2d2f2
366,35,1ed8105d-c28a-6a6c-8644-91b15023c51a,35,1eddd3db-b4dd-6b52-b289-970187b7e42c,346,1ee24b61-a526-6946-923d-13ec9b568cbc
367,35,1ed8105d-c28a-6a6c-8644-91b15023c51a,35,1eddd3db-b4dd-6b52-b289-970187b7e42c,347,1ee26ecd-7eae-6978-887c-e313c90cf77b
368,35,1ed8105d-c28a-6a6c-8644-91b15023c51a,35,1eddd3db-b4dd-6b52-b289-970187b7e42c,348,1ee26ef0-3468-61d4-8a99-eb4f075c35f6
369,35,1ed8105d-c28a-6a6c-8644-91b15023c51a,35,1eddd3db-b4dd-6b52-b289-970187b7e42c,349,1ee2b9a7-284a-6a76-be40-8b38cc81f4bf
370,35,1ed8105d-c28a-6a6c-8644-91b15023c51a,35,1eddd3db-b4dd-6b52-b289-970187b7e42c,350,1ee557a0-7b43-6c48-a123-f1a98ff94ffa
371,35,1ed8105d-c28a-6a6c-8644-91b15023c51a,35,1eddd3db-b4dd-6b52-b289-970187b7e42c,351,1ee5799c-ca3a-6afe-ad6b-bfe624aafc83
372,36,1ed8105d-c28b-6bec-9667-91b15023c51a,36,1eddd3ed-080f-6602-a61d-5fb4472a6ad7,352,1edf235e-373f-6c4e-82c8-05ac35be7b1b
373,36,1ed8105d-c28b-6bec-9667-91b15023c51a,36,1eddd3ed-080f-6602-a61d-5fb4472a6ad7,353,1edf3ce3-9a47-65e6-b759-11f56177fd2d
374,36,1ed8105d-c28b-6bec-9667-91b15023c51a,36,1eddd3ed-080f-6602-a61d-5fb4472a6ad7,354,1edf6e9a-0ad3-6b38-87da-3d6f7d09a96d
375,36,1ed8105d-c28b-6bec-9667-91b15023c51a,36,1eddd3ed-080f-6602-a61d-5fb4472a6ad7,355,1edfe43e-1930-6b26-b557-216c9f9b24d3
376,36,1ed8105d-c28b-6bec-9667-91b15023c51a,36,1eddd3ed-080f-6602-a61d-5fb4472a6ad7,356,1ee09be4-7dbc-679e-b540-07e325e087df
377,36,1ed8105d-c28b-6bec-9667-91b15023c51a,36,1eddd3ed-080f-6602-a61d-5fb4472a6ad7,357,1ee0b921-3142-6e5e-a126-3555d23cf4e3
378,36,1ed8105d-c28b-6bec-9667-91b15023c51a,36,1eddd3ed-080f-6602-a61d-5fb4472a6ad7,358,1ee209f3-9b26-672a-8780-4345220c7d28
379,36,1ed8105d-c28b-6bec-9667-91b15023c51a,36,1eddd3ed-080f-6602-a61d-5fb4472a6ad7,359,1ee21768-39eb-64ce-9735-432efbdbbde8
380,36,1ed8105d-c28b-6bec-9667-91b15023c51a,36,1eddd3ed-080f-6602-a61d-5fb4472a6ad7,360,1ee4f2a0-f87a-6000-a87c-c18223824317
381,36,1ed8105d-c28b-6bec-9667-91b15023c51a,36,1eddd3ed-080f-6602-a61d-5fb4472a6ad7,361,1ee5dd8f-816f-69c6-90af-3ff09a09d2db
382,37,1ed8105d-c28c-6fec-bb07-91b15023c51a,37,1eddd3c5-e599-61da-ace8-cfbc66b02182,362,1ee2b15a-1074-6d0c-aa30-e7b6f6b565ce
383,37,1ed8105d-c28c-6fec-bb07-91b15023c51a,37,1eddd3c5-e599-61da-ace8-cfbc66b02182,363,1ee2b169-278a-6c08-b9ac-7fbed099593f
384,37,1ed8105d-c28c-6fec-bb07-91b15023c51a,37,1eddd3c5-e599-61da-ace8-cfbc66b02182,364,1ee2b195-142b-6a1e-b73c-1fb65365c94a
385,37,1ed8105d-c28c-6fec-bb07-91b15023c51a,37,1eddd3c5-e599-61da-ace8-cfbc66b02182,365,1ee2b1b8-faec-616a-9a78-1de5ee4b15a2
386,37,1ed8105d-c28c-6fec-bb07-91b15023c51a,37,1eddd3c5-e599-61da-ace8-cfbc66b02182,366,1ee2b1c7-9bbb-675e-962f-55fbb459c239
387,37,1ed8105d-c28c-6fec-bb07-91b15023c51a,37,1eddd3c5-e599-61da-ace8-cfbc66b02182,367,1ee2b1d5-886e-651c-806e-8dd6ec35c983
388,37,1ed8105d-c28c-6fec-bb07-91b15023c51a,37,1eddd3c5-e599-61da-ace8-cfbc66b02182,368,1ee2b1e9-4e80-6008-9e2d-e5cf42f28905
389,37,1ed8105d-c28c-6fec-bb07-91b15023c51a,37,1eddd3c5-e599-61da-ace8-cfbc66b02182,369,1ee2b1fc-3c77-6cc2-b62a-118055110165
390,37,1ed8105d-c28c-6fec-bb07-91b15023c51a,37,1eddd3c5-e599-61da-ace8-cfbc66b02182,370,1ee5df27-48fd-6f9a-bf85-c74864c2c457
391,37,1ed8105d-c28c-6fec-bb07-91b15023c51a,37,1eddd3c5-e599-61da-ace8-cfbc66b02182,371,1ee5df2c-5532-6e50-9134-c98ab315c6e5
392,38,1ed8105d-c28e-6220-9e6e-91b15023c51a,38,1ed8105e-d3a1-69e4-b65d-eb85670ba8b0,372,1edbb3ad-81cd-6780-92bc-e58bb4a81c93
393,38,1ed8105d-c28e-6220-9e6e-91b15023c51a,38,1ed8105e-d3a1-69e4-b65d-eb85670ba8b0,373,1edbb3b1-17a1-6240-ab7b-f3c67cc2e4fd
394,38,1ed8105d-c28e-6220-9e6e-91b15023c51a,38,1ed8105e-d3a1-69e4-b65d-eb85670ba8b0,374,1edbb3b3-88a0-61b0-ba65-8b6a7e77ce54
395,38,1ed8105d-c28e-6220-9e6e-91b15023c51a,38,1ed8105e-d3a1-69e4-b65d-eb85670ba8b0,375,1edbb3b6-77ec-6f0a-93e0-4f2e83e2fbc5
396,38,1ed8105d-c28e-6220-9e6e-91b15023c51a,38,1ed8105e-d3a1-69e4-b65d-eb85670ba8b0,376,1edbb3b9-5fe4-61ee-8328-fdc164192cd0
397,38,1ed8105d-c28e-6220-9e6e-91b15023c51a,38,1ed8105e-d3a1-69e4-b65d-eb85670ba8b0,377,1edbe95d-7c75-66f8-a05d-15a660bac1f1
398,38,1ed8105d-c28e-6220-9e6e-91b15023c51a,38,1ed8105e-d3a1-69e4-b65d-eb85670ba8b0,378,1edbe964-08c7-6a9c-a800-0dfe70e9becf
399,38,1ed8105d-c28e-6220-9e6e-91b15023c51a,38,1ed8105e-d3a1-69e4-b65d-eb85670ba8b0,379,1edc3d65-02ee-6742-9df5-9d7a96656544
400,38,1ed8105d-c28e-6220-9e6e-91b15023c51a,38,1ed8105e-d3a1-69e4-b65d-eb85670ba8b0,380,1edc3d6a-e6e4-642e-a705-3f34e16d26bd
401,38,1ed8105d-c28e-6220-9e6e-91b15023c51a,38,1ed8105e-d3a1-69e4-b65d-eb85670ba8b0,381,1edcef0f-3526-67b2-85f4-c14cb66da094
402,39,1ed8105d-c28f-644a-aabf-91b15023c51a,39,1ed8105e-d35c-65a6-8bc0-eb85670ba8b0,382,1ed875f6-6566-6cc4-b9c2-89ded37fca59
403,39,1ed8105d-c28f-644a-aabf-91b15023c51a,39,1ed8105e-d35c-65a6-8bc0-eb85670ba8b0,383,1ed8760f-a266-64c6-82fd-d34360b388fc
404,39,1ed8105d-c28f-644a-aabf-91b15023c51a,39,1ed8105e-d35c-65a6-8bc0-eb85670ba8b0,384,1ed87624-3e69-6e0e-9f29-fb07a67066ad
405,39,1ed8105d-c28f-644a-aabf-91b15023c51a,39,1ed8105e-d35c-65a6-8bc0-eb85670ba8b0,385,1ed925b6-5026-6722-9bb4-4d93c5fbb108
406,39,1ed8105d-c28f-644a-aabf-91b15023c51a,39,1ed8105e-d35c-65a6-8bc0-eb85670ba8b0,386,1ed98af3-8904-6380-acce-d9ce9e78f4da
407,39,1ed8105d-c28f-644a-aabf-91b15023c51a,39,1ed8105e-d35c-65a6-8bc0-eb85670ba8b0,387,1eda2636-5aea-6b5a-9090-07f8236430f3
408,39,1ed8105d-c28f-644a-aabf-91b15023c51a,39,1ed8105e-d35c-65a6-8bc0-eb85670ba8b0,388,1edb52f1-161f-6802-8035-df5b0c501622
409,39,1ed8105d-c28f-644a-aabf-91b15023c51a,39,1ed8105e-d35c-65a6-8bc0-eb85670ba8b0,389,1edbe8d9-2018-6114-b416-eb3e0c0aeff6
410,39,1ed8105d-c28f-644a-aabf-91b15023c51a,39,1ed8105e-d35c-65a6-8bc0-eb85670ba8b0,390,1edc3e46-5859-6902-a434-11da8ad16308
411,39,1ed8105d-c28f-644a-aabf-91b15023c51a,39,1ed8105e-d35c-65a6-8bc0-eb85670ba8b0,391,1edcee37-0437-6ce2-9b36-33426ec06138
412,40,1ed8105d-c290-6606-b1f1-91b15023c51a,40,1eddd3ed-a35a-6e72-adef-8bbf08f58948,392,1ee095f0-93a1-6662-aee8-0d083e9e2808
413,40,1ed8105d-c290-6606-b1f1-91b15023c51a,40,1eddd3ed-a35a-6e72-adef-8bbf08f58948,393,1ee09660-6a7c-65fa-bace-73f093e1fb74
414,40,1ed8105d-c290-6606-b1f1-91b15023c51a,40,1eddd3ed-a35a-6e72-adef-8bbf08f58948,394,1ee09dec-4b25-6ee8-ba8d-fb108889636f
415,40,1ed8105d-c290-6606-b1f1-91b15023c51a,40,1eddd3ed-a35a-6e72-adef-8bbf08f58948,395,1ee15272-7138-63de-abc0-2bd508fb5f55
416,40,1ed8105d-c290-6606-b1f1-91b15023c51a,40,1eddd3ed-a35a-6e72-adef-8bbf08f58948,396,1ee24e84-7352-646c-8f80-99094a2d65aa
417,40,1ed8105d-c290-6606-b1f1-91b15023c51a,40,1eddd3ed-a35a-6e72-adef-8bbf08f58948,397,1ee24e88-6a75-6cbe-8fcb-fb4d07d29f74
418,40,1ed8105d-c290-6606-b1f1-91b15023c51a,40,1eddd3ed-a35a-6e72-adef-8bbf08f58948,398,1ee29fb6-9bcd-6ba2-ad97-fb6ed873cd18
419,40,1ed8105d-c290-6606-b1f1-91b15023c51a,40,1eddd3ed-a35a-6e72-adef-8bbf08f58948,399,1ee29fb9-5dfc-6d0c-86bd-29192437ae12
420,40,1ed8105d-c290-6606-b1f1-91b15023c51a,40,1eddd3ed-a35a-6e72-adef-8bbf08f58948,400,1ee5ef6d-f5b1-61be-b3a8-0f2db229bae0
421,40,1ed8105d-c290-6606-b1f1-91b15023c51a,40,1eddd3ed-a35a-6e72-adef-8bbf08f58948,401,1ee5ef70-1238-6a38-a9dc-919efa2c08d9
422,41,1ed8105d-c291-675e-a9b1-91b15023c51a,41,1eddd3cb-fbab-6670-ac95-0721059a8640,402,1ee0b641-db20-6f30-9d5c-a941d1008831
423,41,1ed8105d-c291-675e-a9b1-91b15023c51a,41,1eddd3cb-fbab-6670-ac95-0721059a8640,403,1ee0ee02-5e30-6004-9739-3bb80e1f7411
424,41,1ed8105d-c291-675e-a9b1-91b15023c51a,41,1eddd3cb-fbab-6670-ac95-0721059a8640,404,1ee112eb-dbee-60aa-bcae-45d6ac4ef594
425,41,1ed8105d-c291-675e-a9b1-91b15023c51a,41,1eddd3cb-fbab-6670-ac95-0721059a8640,405,1ee15d05-dd3c-66e6-b545-e922d75a1ab5
426,41,1ed8105d-c291-675e-a9b1-91b15023c51a,41,1eddd3cb-fbab-6670-ac95-0721059a8640,406,1ee263b6-66c5-6392-976c-81ff4cdd873a
427,41,1ed8105d-c291-675e-a9b1-91b15023c51a,41,1eddd3cb-fbab-6670-ac95-0721059a8640,407,1ee27c71-84c0-6c9c-8548-a9f67eb09016
428,41,1ed8105d-c291-675e-a9b1-91b15023c51a,41,1eddd3cb-fbab-6670-ac95-0721059a8640,408,1ee2b290-9e23-6b30-86a5-896db388636c
429,41,1ed8105d-c291-675e-a9b1-91b15023c51a,41,1eddd3cb-fbab-6670-ac95-0721059a8640,409,1ee2bdfe-e3ac-67b4-8b92-85d2e918c1ae
430,41,1ed8105d-c291-675e-a9b1-91b15023c51a,41,1eddd3cb-fbab-6670-ac95-0721059a8640,410,1ee5d2e3-700c-6758-8043-63db79820e48
431,41,1ed8105d-c291-675e-a9b1-91b15023c51a,41,1eddd3cb-fbab-6670-ac95-0721059a8640,411,1ee5e3ab-990a-626c-b935-eb3be8f939d5
433,42,1ed8105d-c292-6924-8309-91b15023c51a,42,1ed8105e-d38d-6c14-aefa-eb85670ba8b0,412,1ed8c2ca-2d82-6e0e-9920-89954e972eb3
434,42,1ed8105d-c292-6924-8309-91b15023c51a,42,1ed8105e-d38d-6c14-aefa-eb85670ba8b0,413,1ed959e0-5d8d-62ea-a078-bdcd7884b8d4
435,42,1ed8105d-c292-6924-8309-91b15023c51a,42,1ed8105e-d38d-6c14-aefa-eb85670ba8b0,414,1eda219f-9c18-600a-874b-7d0c82bbecd2
436,42,1ed8105d-c292-6924-8309-91b15023c51a,42,1ed8105e-d38d-6c14-aefa-eb85670ba8b0,415,1eda6587-1796-6e04-a2e1-c97937fbf316
437,42,1ed8105d-c292-6924-8309-91b15023c51a,42,1ed8105e-d38d-6c14-aefa-eb85670ba8b0,416,1edb1fb4-ef7a-68e2-a11b-bf120412e63e
438,42,1ed8105d-c292-6924-8309-91b15023c51a,42,1ed8105e-d38d-6c14-aefa-eb85670ba8b0,417,1edb2b15-7d05-6bba-9fbc-054266b12ca2
439,42,1ed8105d-c292-6924-8309-91b15023c51a,42,1ed8105e-d38d-6c14-aefa-eb85670ba8b0,418,1edc4b84-93db-65f2-a524-0137d3f76782
441,42,1ed8105d-c292-6924-8309-91b15023c51a,42,1ed8105e-d38d-6c14-aefa-eb85670ba8b0,419,1edc8b1b-7175-62ca-b0c8-9950a1dca808
442,42,1ed8105d-c292-6924-8309-91b15023c51a,42,1ed8105e-d38d-6c14-aefa-eb85670ba8b0,420,1edd1546-5dfe-6dda-a93a-e7fdfa03b2ac
443,42,1ed8105d-c292-6924-8309-91b15023c51a,42,1ed8105e-d38d-6c14-aefa-eb85670ba8b0,421,1edd39d2-2e94-6242-8a59-c7ef278b2a6e
444,42,1ed8105d-c292-6924-8309-91b15023c51a,42,1ed8105e-d38d-6c14-aefa-eb85670ba8b0,422,1edffbe9-768b-60b0-a9c1-f1fb4e6174e6
445,43,1ed8105d-c293-6b94-bec8-91b15023c51a,43,1eddd3c6-c44e-6d9e-8ce0-4de9716fff25,423,1ee06f6a-942b-6f94-a0ef-d157d8e55dbb
446,43,1ed8105d-c293-6b94-bec8-91b15023c51a,43,1eddd3c6-c44e-6d9e-8ce0-4de9716fff25,424,1ee07785-5423-629e-a1f3-45233c96b24c
447,43,1ed8105d-c293-6b94-bec8-91b15023c51a,43,1eddd3c6-c44e-6d9e-8ce0-4de9716fff25,425,1ee2a68f-060a-6964-907b-ed9bcb92a089
448,43,1ed8105d-c293-6b94-bec8-91b15023c51a,43,1eddd3c6-c44e-6d9e-8ce0-4de9716fff25,426,1ee2a691-4f34-6d5e-b9b5-b7131105613b
449,43,1ed8105d-c293-6b94-bec8-91b15023c51a,43,1eddd3c6-c44e-6d9e-8ce0-4de9716fff25,427,1ee2a694-c7cd-6b00-859e-63bffe7f2c12
450,43,1ed8105d-c293-6b94-bec8-91b15023c51a,43,1eddd3c6-c44e-6d9e-8ce0-4de9716fff25,428,1ee2a696-6e2b-641a-b400-d9eb767509b8
451,43,1ed8105d-c293-6b94-bec8-91b15023c51a,43,1eddd3c6-c44e-6d9e-8ce0-4de9716fff25,429,1ee2a69a-92b9-6a30-b5c7-8391a0892bfb
452,43,1ed8105d-c293-6b94-bec8-91b15023c51a,43,1eddd3c6-c44e-6d9e-8ce0-4de9716fff25,430,1ee2a69c-b292-64b8-abce-5dc9dfd665e7
453,43,1ed8105d-c293-6b94-bec8-91b15023c51a,43,1eddd3c6-c44e-6d9e-8ce0-4de9716fff25,431,1ee5e1f0-8416-66f6-bdda-657a020f2b03
454,43,1ed8105d-c293-6b94-bec8-91b15023c51a,43,1eddd3c6-c44e-6d9e-8ce0-4de9716fff25,432,1ee5e1f4-b746-64d2-a2b7-8b62a37851c8
455,44,1ed8105d-c294-6cec-8c75-91b15023c51a,44,1ed8105e-d3bf-64c6-8817-eb85670ba8b0,433,1ed86af6-ea11-6c22-9109-d5d007f65d5c
456,44,1ed8105d-c294-6cec-8c75-91b15023c51a,44,1ed8105e-d3bf-64c6-8817-eb85670ba8b0,434,1ed8aed4-36ca-6250-a84d-4b5a51147316
457,44,1ed8105d-c294-6cec-8c75-91b15023c51a,44,1ed8105e-d3bf-64c6-8817-eb85670ba8b0,435,1ed95a97-f59e-648c-99d2-77af8d720e77
458,44,1ed8105d-c294-6cec-8c75-91b15023c51a,44,1ed8105e-d3bf-64c6-8817-eb85670ba8b0,436,1eda1709-d45c-6d26-a819-8fa0b0f58165
459,44,1ed8105d-c294-6cec-8c75-91b15023c51a,44,1ed8105e-d3bf-64c6-8817-eb85670ba8b0,437,1edb85eb-dab3-6164-bc41-194c71ba4670
460,44,1ed8105d-c294-6cec-8c75-91b15023c51a,44,1ed8105e-d3bf-64c6-8817-eb85670ba8b0,438,1edbc0f2-eea0-6bd0-a4d2-b7ddfa6a10a8
461,44,1ed8105d-c294-6cec-8c75-91b15023c51a,44,1ed8105e-d3bf-64c6-8817-eb85670ba8b0,439,1edc42a7-23b9-6e3a-86f3-9bb9876239d2
462,44,1ed8105d-c294-6cec-8c75-91b15023c51a,44,1ed8105e-d3bf-64c6-8817-eb85670ba8b0,440,1edce6b4-4bf8-6fc0-8bbc-1b0dd4bf56d5
463,44,1ed8105d-c294-6cec-8c75-91b15023c51a,44,1ed8105e-d3bf-64c6-8817-eb85670ba8b0,441,1edd20aa-3bb3-60d6-995e-1342623e7eb6
464,44,1ed8105d-c294-6cec-8c75-91b15023c51a,44,1ed8105e-d3bf-64c6-8817-eb85670ba8b0,442,1edd2f5d-070e-6de6-8080-31d3dc56f817
465,45,1ed8105d-c295-6ea8-8854-91b15023c51a,45,1eddd3f1-91ff-6e6c-bd06-f9e020d0ab28,443,1ee1ee93-53f7-63b6-af9b-716d9b3ac4f3
466,45,1ed8105d-c295-6ea8-8854-91b15023c51a,45,1eddd3f1-91ff-6e6c-bd06-f9e020d0ab28,444,1ee1ee97-46fe-634a-a37d-0df17ab40446
467,45,1ed8105d-c295-6ea8-8854-91b15023c51a,45,1eddd3f1-91ff-6e6c-bd06-f9e020d0ab28,445,1ee2a773-1835-60c8-b6cb-5949dde5a1ca
468,45,1ed8105d-c295-6ea8-8854-91b15023c51a,45,1eddd3f1-91ff-6e6c-bd06-f9e020d0ab28,446,1ee2a774-c7aa-6d9a-b555-618eac3276b8
469,45,1ed8105d-c295-6ea8-8854-91b15023c51a,45,1eddd3f1-91ff-6e6c-bd06-f9e020d0ab28,447,1ee2a776-06e9-608c-92bf-b74367c5b89c
470,45,1ed8105d-c295-6ea8-8854-91b15023c51a,45,1eddd3f1-91ff-6e6c-bd06-f9e020d0ab28,448,1ee2a786-8ece-66ea-a42c-a7eafd974f96
471,45,1ed8105d-c295-6ea8-8854-91b15023c51a,45,1eddd3f1-91ff-6e6c-bd06-f9e020d0ab28,449,1ee2c0cc-4f1e-6a2c-b867-f92165a5c89b
472,45,1ed8105d-c295-6ea8-8854-91b15023c51a,45,1eddd3f1-91ff-6e6c-bd06-f9e020d0ab28,450,1ee2c0cf-d772-6bd2-9125-b782a7fbbec9
473,45,1ed8105d-c295-6ea8-8854-91b15023c51a,45,1eddd3f1-91ff-6e6c-bd06-f9e020d0ab28,451,1ee557a7-9b72-679c-ac0d-ad336681819f
474,45,1ed8105d-c295-6ea8-8854-91b15023c51a,45,1eddd3f1-91ff-6e6c-bd06-f9e020d0ab28,452,1ee5c985-b486-6526-ba8b-6bb0f0fc0477
475,46,1ed8105d-c297-605a-8412-91b15023c51a,46,1eddd3dd-6032-6cc2-b338-cb95adfe3a0d,453,1ee1f46f-77bd-6796-be1e-8f2a1c5603d1
476,46,1ed8105d-c297-605a-8412-91b15023c51a,46,1eddd3dd-6032-6cc2-b338-cb95adfe3a0d,454,1ee1f490-c091-6f82-bae6-c90cdea916cd
477,46,1ed8105d-c297-605a-8412-91b15023c51a,46,1eddd3dd-6032-6cc2-b338-cb95adfe3a0d,455,1ee1f4e2-47ec-6288-9c60-bf85f33b2fa1
478,46,1ed8105d-c297-605a-8412-91b15023c51a,46,1eddd3dd-6032-6cc2-b338-cb95adfe3a0d,456,1ee20159-2956-6782-b528-95f6a696bcea
479,46,1ed8105d-c297-605a-8412-91b15023c51a,46,1eddd3dd-6032-6cc2-b338-cb95adfe3a0d,457,1ee21b80-96f3-6736-9f2a-5d17cb5fa836
480,46,1ed8105d-c297-605a-8412-91b15023c51a,46,1eddd3dd-6032-6cc2-b338-cb95adfe3a0d,458,1ee234d7-2694-64c0-84dc-3dab656d1788
481,46,1ed8105d-c297-605a-8412-91b15023c51a,46,1eddd3dd-6032-6cc2-b338-cb95adfe3a0d,459,1ee24784-9e11-6934-bff6-370d4f07719e
482,46,1ed8105d-c297-605a-8412-91b15023c51a,46,1eddd3dd-6032-6cc2-b338-cb95adfe3a0d,460,1ee2ccdf-6f48-68e2-be29-b5ece0f2d561
483,46,1ed8105d-c297-605a-8412-91b15023c51a,46,1eddd3dd-6032-6cc2-b338-cb95adfe3a0d,461,1ee5fc5f-31b8-66d2-aaa5-393fa017962e
484,46,1ed8105d-c297-605a-8412-91b15023c51a,46,1eddd3dd-6032-6cc2-b338-cb95adfe3a0d,462,1ee5fd3a-5313-61fc-ba84-3ddde5243d48
485,47,1ed8105d-c298-61a8-8e69-91b15023c51a,47,1ed8105e-d3dd-65ca-af2b-eb85670ba8b0,463,1ed8ba09-79c4-61c4-8a88-3f3ba8c56e98
486,47,1ed8105d-c298-61a8-8e69-91b15023c51a,47,1ed8105e-d3dd-65ca-af2b-eb85670ba8b0,464,1ed8ba6a-cd20-63e8-abeb-c5362ac258da
488,47,1ed8105d-c298-61a8-8e69-91b15023c51a,47,1ed8105e-d3dd-65ca-af2b-eb85670ba8b0,465,1ed8ba93-6cbd-6568-aa3d-cf986ee43db8
489,47,1ed8105d-c298-61a8-8e69-91b15023c51a,47,1ed8105e-d3dd-65ca-af2b-eb85670ba8b0,466,1ed92c58-7c89-6e38-a513-657dd6f9e15e
490,47,1ed8105d-c298-61a8-8e69-91b15023c51a,47,1ed8105e-d3dd-65ca-af2b-eb85670ba8b0,467,1ed9c36e-d17d-6a7c-87e2-395f01a79031
491,47,1ed8105d-c298-61a8-8e69-91b15023c51a,47,1ed8105e-d3dd-65ca-af2b-eb85670ba8b0,468,1edbba54-2306-6a14-85d2-bb0b578a8cfa
492,47,1ed8105d-c298-61a8-8e69-91b15023c51a,47,1ed8105e-d3dd-65ca-af2b-eb85670ba8b0,469,1edc1bfb-0209-6fc4-aa24-37e26e5df0dc
493,47,1ed8105d-c298-61a8-8e69-91b15023c51a,47,1ed8105e-d3dd-65ca-af2b-eb85670ba8b0,470,1edd1a4f-4b92-68be-87fc-5f399edd21b4
494,47,1ed8105d-c298-61a8-8e69-91b15023c51a,47,1ed8105e-d3dd-65ca-af2b-eb85670ba8b0,471,1edd1a67-bfd3-6486-bcc2-23ab5c406e83
495,47,1ed8105d-c298-61a8-8e69-91b15023c51a,47,1ed8105e-d3dd-65ca-af2b-eb85670ba8b0,472,1eddc4f7-1e0f-6fb0-b2f2-032c0f00d14f
496,48,1ed8105d-c299-6350-a021-91b15023c51a,48,1eddd3e4-6be2-6976-a012-2d8020f1b155,473,1ee07b2a-bbf0-6e46-a27d-a103292a0293
497,48,1ed8105d-c299-6350-a021-91b15023c51a,48,1eddd3e4-6be2-6976-a012-2d8020f1b155,474,1ee07b33-985a-6d34-b38d-e93d04e0f0e2
498,48,1ed8105d-c299-6350-a021-91b15023c51a,48,1eddd3e4-6be2-6976-a012-2d8020f1b155,475,1ee0ba26-26d1-623a-bf24-0de74aa8deb0
499,48,1ed8105d-c299-6350-a021-91b15023c51a,48,1eddd3e4-6be2-6976-a012-2d8020f1b155,476,1ee1d700-cf50-6e18-b2f9-e1e3c8216537
500,48,1ed8105d-c299-6350-a021-91b15023c51a,48,1eddd3e4-6be2-6976-a012-2d8020f1b155,477,1ee20018-df86-67c4-93c1-375f012fed03
501,48,1ed8105d-c299-6350-a021-91b15023c51a,48,1eddd3e4-6be2-6976-a012-2d8020f1b155,478,1ee273b2-6cbd-61e4-b536-37838afe5377
502,48,1ed8105d-c299-6350-a021-91b15023c51a,48,1eddd3e4-6be2-6976-a012-2d8020f1b155,479,1ee28c78-202d-6296-9eb6-817396e04b7b
503,48,1ed8105d-c299-6350-a021-91b15023c51a,48,1eddd3e4-6be2-6976-a012-2d8020f1b155,480,1ee2b238-d68b-6bba-92f3-c5a916b015d6
504,48,1ed8105d-c299-6350-a021-91b15023c51a,48,1eddd3e4-6be2-6976-a012-2d8020f1b155,481,1ee2bdd8-9d6d-60b2-959f-e13903a74736
505,48,1ed8105d-c299-6350-a021-91b15023c51a,48,1eddd3e4-6be2-6976-a012-2d8020f1b155,482,1ee54cbb-3700-68be-a96d-ff6dc226d82f
506,48,1ed8105d-c299-6350-a021-91b15023c51a,48,1eddd3e4-6be2-6976-a012-2d8020f1b155,483,1ee5ec64-c1c5-6c9e-ba4a-03e1ccdf0fcd
507,49,1ed8105d-c29a-64e4-85de-91b15023c51a,49,1eddd3e2-6317-6e56-a3d3-efc9608a5ae5,484,1ee10ebf-a45d-67ba-accd-6572eaec9186
508,49,1ed8105d-c29a-64e4-85de-91b15023c51a,49,1eddd3e2-6317-6e56-a3d3-efc9608a5ae5,485,1ee10ec9-e013-6976-8fcb-f3d3286d1933
509,49,1ed8105d-c29a-64e4-85de-91b15023c51a,49,1eddd3e2-6317-6e56-a3d3-efc9608a5ae5,486,1ee10ed2-67d2-6a8a-bbe5-9b4e1a630ee6
510,49,1ed8105d-c29a-64e4-85de-91b15023c51a,49,1eddd3e2-6317-6e56-a3d3-efc9608a5ae5,487,1ee10ed8-b4dd-6ba8-b155-e1c41774a82f
511,49,1ed8105d-c29a-64e4-85de-91b15023c51a,49,1eddd3e2-6317-6e56-a3d3-efc9608a5ae5,488,1ee1fc2b-b3e1-684e-9c3d-7dd171614dae
512,49,1ed8105d-c29a-64e4-85de-91b15023c51a,49,1eddd3e2-6317-6e56-a3d3-efc9608a5ae5,489,1ee1fc37-4a4a-667c-909c-c1d1e016f3e6
513,49,1ed8105d-c29a-64e4-85de-91b15023c51a,49,1eddd3e2-6317-6e56-a3d3-efc9608a5ae5,490,1ee1fc4e-df1a-62cc-9433-b5cf729cdb2d
514,49,1ed8105d-c29a-64e4-85de-91b15023c51a,49,1eddd3e2-6317-6e56-a3d3-efc9608a5ae5,491,1ee2a315-c3f7-613e-a8a5-ff45d1d1c421
515,49,1ed8105d-c29a-64e4-85de-91b15023c51a,49,1eddd3e2-6317-6e56-a3d3-efc9608a5ae5,492,1ee560d3-42f0-6d3c-a76d-0b575dcda125
516,49,1ed8105d-c29a-64e4-85de-91b15023c51a,49,1eddd3e2-6317-6e56-a3d3-efc9608a5ae5,493,1ee58802-3fd2-6c9e-bf97-c5f9cf8d71f1
517,50,1ed8105d-c29b-6722-ad10-91b15023c51a,50,1eddd3d9-994c-6124-817f-6b05b483451d,494,1ee2bec3-c399-64f2-95ab-67922e684b4e
518,50,1ed8105d-c29b-6722-ad10-91b15023c51a,50,1eddd3d9-994c-6124-817f-6b05b483451d,495,1ee2becb-3e6a-6d32-ae37-5fe271edb5f8
519,50,1ed8105d-c29b-6722-ad10-91b15023c51a,50,1eddd3d9-994c-6124-817f-6b05b483451d,496,1ee2bed5-377a-6df6-bb88-f5882f46dc8c
520,50,1ed8105d-c29b-6722-ad10-91b15023c51a,50,1eddd3d9-994c-6124-817f-6b05b483451d,497,1ee2bede-6613-6498-8a32-15f4835df166
521,50,1ed8105d-c29b-6722-ad10-91b15023c51a,50,1eddd3d9-994c-6124-817f-6b05b483451d,498,1ee2bf71-4f0d-6706-8d13-876fde0aff05
522,50,1ed8105d-c29b-6722-ad10-91b15023c51a,50,1eddd3d9-994c-6124-817f-6b05b483451d,499,1ee2c4ff-f5ef-614e-b064-7bcb151c540c
523,50,1ed8105d-c29b-6722-ad10-91b15023c51a,50,1eddd3d9-994c-6124-817f-6b05b483451d,500,1ee2c599-1048-686c-83e4-19751a646203
524,50,1ed8105d-c29b-6722-ad10-91b15023c51a,50,1eddd3d9-994c-6124-817f-6b05b483451d,501,1ee2cbe1-1510-6ff4-9a5c-07021d80a255
525,50,1ed8105d-c29b-6722-ad10-91b15023c51a,50,1eddd3d9-994c-6124-817f-6b05b483451d,502,1ee5f74a-8d53-6c72-ada6-83d3cbb7ee29
526,50,1ed8105d-c29b-6722-ad10-91b15023c51a,50,1eddd3d9-994c-6124-817f-6b05b483451d,503,1ee5fa80-e554-6442-9528-e10932face0a
527,51,1ed8105d-c29c-69c4-9c3b-91b15023c51a,51,1ed8105e-d379-6f20-b8ba-eb85670ba8b0,504,1ed9503a-5b44-6934-842b-71723aa940a1
528,51,1ed8105d-c29c-69c4-9c3b-91b15023c51a,51,1ed8105e-d379-6f20-b8ba-eb85670ba8b0,505,1ed95046-1a25-6a14-8bc4-81add1fb3899
529,51,1ed8105d-c29c-69c4-9c3b-91b15023c51a,51,1ed8105e-d379-6f20-b8ba-eb85670ba8b0,506,1edc72ef-6d40-60d6-b9a9-5da2d137e306
530,51,1ed8105d-c29c-69c4-9c3b-91b15023c51a,51,1ed8105e-d379-6f20-b8ba-eb85670ba8b0,507,1edc72f6-f8d4-66a4-bfa3-2b4dd5b43dc5
531,51,1ed8105d-c29c-69c4-9c3b-91b15023c51a,51,1ed8105e-d379-6f20-b8ba-eb85670ba8b0,508,1edc72fd-4ba1-6746-b773-bf7ee162757c
532,51,1ed8105d-c29c-69c4-9c3b-91b15023c51a,51,1ed8105e-d379-6f20-b8ba-eb85670ba8b0,509,1edc7303-1eea-6e90-8a18-3bab497dce32
533,51,1ed8105d-c29c-69c4-9c3b-91b15023c51a,51,1ed8105e-d379-6f20-b8ba-eb85670ba8b0,510,1edc7307-8374-692a-a8b0-df106dd11905
534,51,1ed8105d-c29c-69c4-9c3b-91b15023c51a,51,1ed8105e-d379-6f20-b8ba-eb85670ba8b0,511,1eddc7e5-84b9-66da-bf7a-a3a6cfd933e6
535,51,1ed8105d-c29c-69c4-9c3b-91b15023c51a,51,1ed8105e-d379-6f20-b8ba-eb85670ba8b0,512,1edde18c-cb9c-630c-bdf0-d92ae7e03210
536,51,1ed8105d-c29c-69c4-9c3b-91b15023c51a,51,1ed8105e-d379-6f20-b8ba-eb85670ba8b0,513,1edde20f-608c-61c4-9c5e-7b12637f42ce
537,52,1ed8105d-c29d-6c7a-87ae-91b15023c51a,52,1ed8105e-d335-6032-9bae-eb85670ba8b0,514,1ed91b51-025c-615a-b0fa-5933eeedc417
538,52,1ed8105d-c29d-6c7a-87ae-91b15023c51a,52,1ed8105e-d335-6032-9bae-eb85670ba8b0,515,1edbeaf3-696a-6b48-8833-05d9e44dab37
539,52,1ed8105d-c29d-6c7a-87ae-91b15023c51a,52,1ed8105e-d335-6032-9bae-eb85670ba8b0,516,1edbeafc-a092-6b62-a15a-d1e7a6afe68c
540,52,1ed8105d-c29d-6c7a-87ae-91b15023c51a,52,1ed8105e-d335-6032-9bae-eb85670ba8b0,517,1edc58f5-3eca-65bc-9620-6995ec8a91ab
541,52,1ed8105d-c29d-6c7a-87ae-91b15023c51a,52,1ed8105e-d335-6032-9bae-eb85670ba8b0,518,1edd3b96-74bb-614c-973c-6956d690e434
542,52,1ed8105d-c29d-6c7a-87ae-91b15023c51a,52,1ed8105e-d335-6032-9bae-eb85670ba8b0,519,1edd3c66-365f-69f4-a8a0-95c7eb0dceef
543,52,1ed8105d-c29d-6c7a-87ae-91b15023c51a,52,1ed8105e-d335-6032-9bae-eb85670ba8b0,520,1edd3c98-5276-6098-b391-d32d828a4d48
544,52,1ed8105d-c29d-6c7a-87ae-91b15023c51a,52,1ed8105e-d335-6032-9bae-eb85670ba8b0,521,1edd3c9a-d51a-6984-9e47-b11185619336
545,52,1ed8105d-c29d-6c7a-87ae-91b15023c51a,52,1ed8105e-d335-6032-9bae-eb85670ba8b0,522,1edd3c9c-e81a-669a-b85c-efbf8bf8120f
546,52,1ed8105d-c29d-6c7a-87ae-91b15023c51a,52,1ed8105e-d335-6032-9bae-eb85670ba8b0,523,1edd3c9f-1339-672a-af44-35476eca9259
547,53,1ed8105d-c29e-6dd2-b3cd-91b15023c51a,53,1ed8105e-d3d3-64e4-bbb3-eb85670ba8b0,524,1edb2b88-3d9a-6e80-974e-d722a5b6198d
548,53,1ed8105d-c29e-6dd2-b3cd-91b15023c51a,53,1ed8105e-d3d3-64e4-bbb3-eb85670ba8b0,525,1edb2d42-833c-637e-b54b-adee19768d65
549,53,1ed8105d-c29e-6dd2-b3cd-91b15023c51a,53,1ed8105e-d3d3-64e4-bbb3-eb85670ba8b0,526,1edb362d-f10d-6c88-b2c7-f38b04ffb4f9
550,53,1ed8105d-c29e-6dd2-b3cd-91b15023c51a,53,1ed8105e-d3d3-64e4-bbb3-eb85670ba8b0,527,1edba922-c2ee-63e4-a72a-1fa33e125706
551,53,1ed8105d-c29e-6dd2-b3cd-91b15023c51a,53,1ed8105e-d3d3-64e4-bbb3-eb85670ba8b0,528,1edbb3b9-af6a-6db2-99b5-7981da067aa9
552,53,1ed8105d-c29e-6dd2-b3cd-91b15023c51a,53,1ed8105e-d3d3-64e4-bbb3-eb85670ba8b0,529,1edbff58-5dad-62d2-9aef-598c306dd921
553,53,1ed8105d-c29e-6dd2-b3cd-91b15023c51a,53,1ed8105e-d3d3-64e4-bbb3-eb85670ba8b0,530,1edc3554-6ee7-67aa-a74e-ff906a32c2c1
554,53,1ed8105d-c29e-6dd2-b3cd-91b15023c51a,53,1ed8105e-d3d3-64e4-bbb3-eb85670ba8b0,531,1edc573b-32fb-6c1a-a9e7-6bb6ecb44f75
555,53,1ed8105d-c29e-6dd2-b3cd-91b15023c51a,53,1ed8105e-d3d3-64e4-bbb3-eb85670ba8b0,532,1edc748d-beab-6e62-b43b-47d85f9d0e31
556,53,1ed8105d-c29e-6dd2-b3cd-91b15023c51a,53,1ed8105e-d3d3-64e4-bbb3-eb85670ba8b0,533,1edcaf43-2f6e-6074-809b-653d3c082c2d
557,54,1ed8105d-c2a1-60f0-a749-91b15023c51a,54,1eddd3e6-2f04-630e-a250-bd380bd665a2,534,1edfbcbe-f1ae-620c-b007-8f669dfd2f48
558,54,1ed8105d-c2a1-60f0-a749-91b15023c51a,54,1eddd3e6-2f04-630e-a250-bd380bd665a2,535,1edfbcc7-23c2-6ca4-9576-edff61539265
559,54,1ed8105d-c2a1-60f0-a749-91b15023c51a,54,1eddd3e6-2f04-630e-a250-bd380bd665a2,536,1ee168b8-bce4-643e-b4f4-d9719dc86dc8
560,54,1ed8105d-c2a1-60f0-a749-91b15023c51a,54,1eddd3e6-2f04-630e-a250-bd380bd665a2,537,1ee168c9-4f23-6e0c-af4a-b1cb2ca631de
561,54,1ed8105d-c2a1-60f0-a749-91b15023c51a,54,1eddd3e6-2f04-630e-a250-bd380bd665a2,538,1ee1e66f-9c92-69b2-910b-59c55062f8cb
562,54,1ed8105d-c2a1-60f0-a749-91b15023c51a,54,1eddd3e6-2f04-630e-a250-bd380bd665a2,539,1ee29780-6daa-65ba-b70f-3f8f76691c2f
563,54,1ed8105d-c2a1-60f0-a749-91b15023c51a,54,1eddd3e6-2f04-630e-a250-bd380bd665a2,540,1ee2978d-f53a-6086-83eb-39c1203e5417
564,54,1ed8105d-c2a1-60f0-a749-91b15023c51a,54,1eddd3e6-2f04-630e-a250-bd380bd665a2,541,1ee29795-36b9-629e-904c-0f364fe4301a
565,54,1ed8105d-c2a1-60f0-a749-91b15023c51a,54,1eddd3e6-2f04-630e-a250-bd380bd665a2,542,1ee4b3ef-a2f2-67a8-8a1a-4190b262abef
566,54,1ed8105d-c2a1-60f0-a749-91b15023c51a,54,1eddd3e6-2f04-630e-a250-bd380bd665a2,543,1ee5e21d-e4f0-69a4-83d2-0936a0811670
567,55,1ed8105d-c2a3-644a-ab7b-91b15023c51a,55,1ed8105e-d397-6cc8-a07d-eb85670ba8b0,544,1edb666d-0070-60a8-ac53-a72624a722ce
568,55,1ed8105d-c2a3-644a-ab7b-91b15023c51a,55,1ed8105e-d397-6cc8-a07d-eb85670ba8b0,545,1edb6674-ff98-6100-85f9-2f3365d4b123
569,55,1ed8105d-c2a3-644a-ab7b-91b15023c51a,55,1ed8105e-d397-6cc8-a07d-eb85670ba8b0,546,1edb72aa-6c16-63cc-95d1-05be8b499b9f
570,55,1ed8105d-c2a3-644a-ab7b-91b15023c51a,55,1ed8105e-d397-6cc8-a07d-eb85670ba8b0,547,1edb72b1-ada9-62c4-a441-331c7af5ed2d
571,55,1ed8105d-c2a3-644a-ab7b-91b15023c51a,55,1ed8105e-d397-6cc8-a07d-eb85670ba8b0,548,1edb72b6-467b-6b2e-92f9-eb6575dd4727
572,55,1ed8105d-c2a3-644a-ab7b-91b15023c51a,55,1ed8105e-d397-6cc8-a07d-eb85670ba8b0,549,1edb72c4-a6eb-6474-bb30-ad4d2fbf33c7
573,55,1ed8105d-c2a3-644a-ab7b-91b15023c51a,55,1ed8105e-d397-6cc8-a07d-eb85670ba8b0,550,1edb72c6-4c34-6be6-afd8-7db6b3079fd7
574,55,1ed8105d-c2a3-644a-ab7b-91b15023c51a,55,1ed8105e-d397-6cc8-a07d-eb85670ba8b0,551,1edb72c8-b567-68fa-a2ae-29aef28ca45a
575,55,1ed8105d-c2a3-644a-ab7b-91b15023c51a,55,1ed8105e-d397-6cc8-a07d-eb85670ba8b0,552,1edbe809-68fc-65ea-afbf-ff98e806d9c4
576,55,1ed8105d-c2a3-644a-ab7b-91b15023c51a,55,1ed8105e-d397-6cc8-a07d-eb85670ba8b0,553,1edd9ee4-eb93-6380-8618-0b02e6efd631
578,56,1ed8105d-c2a4-65b6-8cec-91b15023c51a,56,1ed8105e-d4b6-6b4a-b756-eb85670ba8b0,554,1ed9f01f-7e14-6c04-919c-991033ff6a45
579,56,1ed8105d-c2a4-65b6-8cec-91b15023c51a,56,1ed8105e-d4b6-6b4a-b756-eb85670ba8b0,555,1eda008d-1757-68b2-a2b7-310287c419b8
580,56,1ed8105d-c2a4-65b6-8cec-91b15023c51a,56,1ed8105e-d4b6-6b4a-b756-eb85670ba8b0,556,1eda2d9b-1ef8-6964-a953-2bc7c5725ddb
581,56,1ed8105d-c2a4-65b6-8cec-91b15023c51a,56,1ed8105e-d4b6-6b4a-b756-eb85670ba8b0,557,1edb789d-0826-60e4-b98f-01a735a429d1
582,56,1ed8105d-c2a4-65b6-8cec-91b15023c51a,56,1ed8105e-d4b6-6b4a-b756-eb85670ba8b0,558,1edc97d0-5a7a-6e82-bed3-d9cb22498394
583,56,1ed8105d-c2a4-65b6-8cec-91b15023c51a,56,1ed8105e-d4b6-6b4a-b756-eb85670ba8b0,559,1edc99bf-1af4-6a38-9287-41b4da2e18c6
584,56,1ed8105d-c2a4-65b6-8cec-91b15023c51a,56,1ed8105e-d4b6-6b4a-b756-eb85670ba8b0,560,1edcdbc8-fce8-6642-b2ca-bf6cb004f38b
585,56,1ed8105d-c2a4-65b6-8cec-91b15023c51a,56,1ed8105e-d4b6-6b4a-b756-eb85670ba8b0,561,1edda38d-7e56-6fa8-ba4b-e77e86d16043
586,56,1ed8105d-c2a4-65b6-8cec-91b15023c51a,56,1ed8105e-d4b6-6b4a-b756-eb85670ba8b0,562,1edddd75-3643-6672-aaad-d39940f956a6
587,56,1ed8105d-c2a4-65b6-8cec-91b15023c51a,56,1ed8105e-d4b6-6b4a-b756-eb85670ba8b0,563,1edddeb3-24db-692c-a97c-ef53a983b350
588,57,1ed8105d-c2a5-697a-bf0a-91b15023c51a,57,1eddd3c3-5633-629a-9d72-734f050089f4,564,1ee0df17-7db8-6c36-a860-e327c4d12005
589,57,1ed8105d-c2a5-697a-bf0a-91b15023c51a,57,1eddd3c3-5633-629a-9d72-734f050089f4,565,1ee1b1c9-632c-6b6c-8726-b1d0896688bb
590,57,1ed8105d-c2a5-697a-bf0a-91b15023c51a,57,1eddd3c3-5633-629a-9d72-734f050089f4,566,1ee1b27e-46a9-6052-8505-adff5a3245a2
591,57,1ed8105d-c2a5-697a-bf0a-91b15023c51a,57,1eddd3c3-5633-629a-9d72-734f050089f4,567,1ee1be59-b0ed-6a76-a8a8-cf65ca33b7aa
592,57,1ed8105d-c2a5-697a-bf0a-91b15023c51a,57,1eddd3c3-5633-629a-9d72-734f050089f4,568,1ee2642f-0f11-6e1a-bedd-0302c599850d
593,57,1ed8105d-c2a5-697a-bf0a-91b15023c51a,57,1eddd3c3-5633-629a-9d72-734f050089f4,569,1ee2647a-46c7-6ba2-a3ec-e965092f5fec
594,57,1ed8105d-c2a5-697a-bf0a-91b15023c51a,57,1eddd3c3-5633-629a-9d72-734f050089f4,570,1ee264ef-7e3b-6226-9fe8-b9d1ba229ea7
595,57,1ed8105d-c2a5-697a-bf0a-91b15023c51a,57,1eddd3c3-5633-629a-9d72-734f050089f4,571,1ee2c8e5-6bdf-6262-a2fa-c1c27140fc6b
596,57,1ed8105d-c2a5-697a-bf0a-91b15023c51a,57,1eddd3c3-5633-629a-9d72-734f050089f4,572,1ee5e1d5-f484-62e6-ade8-7d6e365eb7c7
597,57,1ed8105d-c2a5-697a-bf0a-91b15023c51a,57,1eddd3c3-5633-629a-9d72-734f050089f4,573,1ee5e21b-544a-621c-bd4b-f7f6a49f4758
598,58,1ed8105d-c2a6-6b54-927b-91b15023c51a,58,1ed8105e-d36f-6df4-a381-eb85670ba8b0,574,1edd7e80-e8a2-6f06-89fa-958736bdf80d
600,58,1ed8105d-c2a6-6b54-927b-91b15023c51a,58,1ed8105e-d36f-6df4-a381-eb85670ba8b0,575,1edd873b-828f-6b24-b9ae-47f761537d55
601,58,1ed8105d-c2a6-6b54-927b-91b15023c51a,58,1ed8105e-d36f-6df4-a381-eb85670ba8b0,576,1edd8741-3550-6c68-8642-d9445864fa87
602,58,1ed8105d-c2a6-6b54-927b-91b15023c51a,58,1ed8105e-d36f-6df4-a381-eb85670ba8b0,577,1edd8742-f8ad-6714-a083-398bedf5c18c
603,58,1ed8105d-c2a6-6b54-927b-91b15023c51a,58,1ed8105e-d36f-6df4-a381-eb85670ba8b0,578,1edd9ff2-dace-6bb2-92c3-55272c87715c
604,58,1ed8105d-c2a6-6b54-927b-91b15023c51a,58,1ed8105e-d36f-6df4-a381-eb85670ba8b0,579,1edde396-e566-60c4-aab1-61e8a888c70c
605,58,1ed8105d-c2a6-6b54-927b-91b15023c51a,58,1ed8105e-d36f-6df4-a381-eb85670ba8b0,580,1edde39a-475c-6302-b945-1b44234529d4
606,58,1ed8105d-c2a6-6b54-927b-91b15023c51a,58,1ed8105e-d36f-6df4-a381-eb85670ba8b0,581,1edde39c-fd79-664c-a6cc-b10abb73f1e0
607,58,1ed8105d-c2a6-6b54-927b-91b15023c51a,58,1ed8105e-d36f-6df4-a381-eb85670ba8b0,582,1edde3a1-83d4-6f12-ba0c-371bbb690893
608,58,1ed8105d-c2a6-6b54-927b-91b15023c51a,58,1ed8105e-d36f-6df4-a381-eb85670ba8b0,583,1edde3a3-ed53-6f04-8aff-a1df04e94dbf
609,59,1ed8105d-c2a7-6cfc-b92c-91b15023c51a,59,1eddd3bf-b767-6d94-97d1-616da9ed7ca5,584,1ee2bcbd-e1d2-6bd8-96f0-d38b69b0a6be
610,59,1ed8105d-c2a7-6cfc-b92c-91b15023c51a,59,1eddd3bf-b767-6d94-97d1-616da9ed7ca5,585,1ee2bcc9-8e2d-671a-805d-a110584b2102
611,59,1ed8105d-c2a7-6cfc-b92c-91b15023c51a,59,1eddd3bf-b767-6d94-97d1-616da9ed7ca5,586,1ee2bcf1-6545-6afa-9506-936987424914
612,59,1ed8105d-c2a7-6cfc-b92c-91b15023c51a,59,1eddd3bf-b767-6d94-97d1-616da9ed7ca5,587,1ee2bd07-2fb9-6150-b534-9fcbf6604f3b
613,59,1ed8105d-c2a7-6cfc-b92c-91b15023c51a,59,1eddd3bf-b767-6d94-97d1-616da9ed7ca5,588,1ee44e62-6fa0-610e-8c43-377587d18725
614,59,1ed8105d-c2a7-6cfc-b92c-91b15023c51a,59,1eddd3bf-b767-6d94-97d1-616da9ed7ca5,589,1ee44e6a-c087-6b46-ae58-43a5dccd351d
615,59,1ed8105d-c2a7-6cfc-b92c-91b15023c51a,59,1eddd3bf-b767-6d94-97d1-616da9ed7ca5,590,1ee481e5-4ccb-6942-9ff9-5f52263df5ee
616,59,1ed8105d-c2a7-6cfc-b92c-91b15023c51a,59,1eddd3bf-b767-6d94-97d1-616da9ed7ca5,591,1ee52597-0266-6f86-ba4c-e914d7ea4992
617,59,1ed8105d-c2a7-6cfc-b92c-91b15023c51a,59,1eddd3bf-b767-6d94-97d1-616da9ed7ca5,592,1ee525bb-36c1-694c-8dac-c909c972a6e1
618,59,1ed8105d-c2a7-6cfc-b92c-91b15023c51a,59,1eddd3bf-b767-6d94-97d1-616da9ed7ca5,593,1ee5e15d-6fb5-6bb4-aa8f-01cf89c06261
619,60,1ed8105d-c2a8-6e72-b93d-91b15023c51a,60,1eddd3c1-4967-63f6-9a68-15b8171db13d,594,1edeb484-10aa-65a0-9edd-ffbfae4debb3
620,60,1ed8105d-c2a8-6e72-b93d-91b15023c51a,60,1eddd3c1-4967-63f6-9a68-15b8171db13d,595,1edf7f23-ea8d-6dc0-8961-f9578ca797fe
621,60,1ed8105d-c2a8-6e72-b93d-91b15023c51a,60,1eddd3c1-4967-63f6-9a68-15b8171db13d,596,1edfc6fb-8fdc-6438-bcd0-41b317ffe7e9
622,60,1ed8105d-c2a8-6e72-b93d-91b15023c51a,60,1eddd3c1-4967-63f6-9a68-15b8171db13d,597,1ee02eae-a47a-6a00-b1f3-2372a0794158
623,60,1ed8105d-c2a8-6e72-b93d-91b15023c51a,60,1eddd3c1-4967-63f6-9a68-15b8171db13d,598,1ee19871-3995-6d42-aa78-c1ceca99d0bb
624,60,1ed8105d-c2a8-6e72-b93d-91b15023c51a,60,1eddd3c1-4967-63f6-9a68-15b8171db13d,599,1ee1ce8a-d256-6460-af25-51df10b19615
625,60,1ed8105d-c2a8-6e72-b93d-91b15023c51a,60,1eddd3c1-4967-63f6-9a68-15b8171db13d,600,1ee1ceba-4883-6078-9391-ab433d0c33ed
626,60,1ed8105d-c2a8-6e72-b93d-91b15023c51a,60,1eddd3c1-4967-63f6-9a68-15b8171db13d,601,1ee24ddd-d22d-625e-b485-0905d08c7152
627,60,1ed8105d-c2a8-6e72-b93d-91b15023c51a,60,1eddd3c1-4967-63f6-9a68-15b8171db13d,602,1ee5edc6-85a9-6b8a-a74b-a1d05b96f9bc
628,60,1ed8105d-c2a8-6e72-b93d-91b15023c51a,60,1eddd3c1-4967-63f6-9a68-15b8171db13d,603,1ee5eddc-cc5d-6462-99dc-339a68d947f8
