RC,proportions,valeurs
PROCÉDURE ADMINISTRATIVE,15.55232558139535,107
DÉPISTAGE ET PRÉVENTION,8.866279069767442,61
VACCINATION,8.720930232558139,60
HTA,4.069767441860465,28
DÉPRESSION,3.488372093023256,24
DYSLIPIDÉMIE,2.761627906976744,19
DIABÈTE DE TYPE 2,2.616279069767442,18
TOUX,2.0348837209302326,14
TABAGISME,1.744186046511628,12
PSYCHIQUE (TROUBLE),1.5988372093023258,11
IATROGÈNE - EFFET INDÉSIRABLE D’UNE THÉRAPEUTIQUE,1.5988372093023258,11
CONTRACEPTION,1.4534883720930232,10
LOMBALGIE,1.308139534883721,9
ANGINE (AMYGDALITE -PHARYNGITE),1.308139534883721,9
INSOMNIE,1.308139534883721,9
DOULEUR NON CARACTÉRISTIQUE,1.308139534883721,9
ANOMALIE BIOLOGIQUE SANGUINE,1.308139534883721,9
TOXICOMANIE,1.0174418604651163,7
RÉACTION TUBERCULINIQUE,1.0174418604651163,7
HYPOTHYROÏDIE,0.872093023255814,6
GROSSESSE,0.872093023255814,6
ARTHROSE,0.872093023255814,6
OTITE MOYENNE,0.872093023255814,6
ECZÉMA,0.7267441860465116,5
RHINITE,0.7267441860465116,5
PROSTATITE,0.7267441860465116,5
MIGRAINE,0.5813953488372093,4
CYSTITE - CYSTALGIE,0.5813953488372093,4
ASTHME,0.5813953488372093,4
ENTORSE,0.5813953488372093,4
REFLUX - PYROSIS - OESOPHAGITE,0.5813953488372093,4
DIARRHÉE - NAUSÉE - VOMISSEMENT,0.5813953488372093,4
VIRUS IMMUNIODEFICIENCE HUMAINE - VIH,0.436046511627907,3
TREMBLEMENT,0.436046511627907,3
MORSURE - GRIFFURE,0.436046511627907,3
THROMBOPHLÉBITE,0.436046511627907,3
SINUSITE,0.436046511627907,3
CERVICALGIE,0.436046511627907,3
MÉNOPAUSE (PROBLÈME ET SUIVI),0.436046511627907,3
DERMATOSE,0.436046511627907,3
DERMATOPHYTOSE,0.436046511627907,3
ANXIÉTÉ -ANGOISSE,0.436046511627907,3
PNEUMOPATHIE AIGUË,0.436046511627907,3
ACNÉ VULGAIRE,0.436046511627907,3
GOUTTE,0.436046511627907,3
DÉMENCE,0.436046511627907,3
ASTHÉNIE - FATIGUE,0.436046511627907,3
GALE,0.436046511627907,3
STOMATITE - GLOSSITE,0.29069767441860467,2
SCIATIQUE,0.29069767441860467,2
PARESTHÉSIE DES MEMBRES,0.29069767441860467,2
VERTIGE - ÉTAT VERTIGINEUX,0.29069767441860467,2
VARICELLE,0.29069767441860467,2
SCOLIOSE-ATTITUDE SCOLIOTIQUE,0.29069767441860467,2
INSUFFISANCE CARDIAQUE,0.29069767441860467,2
CÉRUMEN (BOUCHON DE),0.29069767441860467,2
URTICAIRE,0.29069767441860467,2
HERPÈS,0.29069767441860467,2
OBÉSITÉ,0.29069767441860467,2
VULVITE - VAGINITE,0.29069767441860467,2
HYPERTHYROÏDIE,0.29069767441860467,2
ZONA,0.29069767441860467,2
ANÉMIE (NON FERRIPRIVE),0.29069767441860467,2
OEIL (TROUBLE DE LA VISION),0.29069767441860467,2
TÉNOSYNOVITE,0.29069767441860467,2
CRAMPE MUSCULAIRE,0.29069767441860467,2
DYSMÉNORRHÉE,0.29069767441860467,2
ANOREXIE -BOULIMIE,0.29069767441860467,2
COLOPATHIE FONCTIONNELLE,0.29069767441860467,2
LEUCORRHÉE,0.29069767441860467,2
PANARIS,0.29069767441860467,2
ALCOOL (PROBLÈME AVEC L’),0.29069767441860467,2
SÉNILITÉ (SUJET ÂGÉ FRAGILE),0.29069767441860467,2
POST-PARTUM (COMPLICATION),0.29069767441860467,2
CHEVEUX (CHUTE),0.29069767441860467,2
ABDOMEN DOULOUREUX,0.29069767441860467,2
CONSTIPATION - FECALOME,0.29069767441860467,2
PLAINTE ABDOMINALE,0.29069767441860467,2
ÉPIGASTRALGIE,0.29069767441860467,2
CANCER,0.29069767441860467,2
ÉPAULE (TÉNOSYNOVITE),0.29069767441860467,2
ANGOR -INSUFFISANCE CORONARIENNE,0.29069767441860467,2
MÉNORRAGIE - MÉTRORRAGIE,0.29069767441860467,2
HÉMORROÏDE,0.14534883720930233,1
POST- PARTUM (COMPLICATION),0.14534883720930233,1
ÉPISTAXIS,0.14534883720930233,1
FIBRILLATION - FLUTTER AURICULAIRES,0.14534883720930233,1
COL UTÉRIN (ANOMALIE DU),0.14534883720930233,1
ENGELURE,0.14534883720930233,1
PÉRIARTHROPATHIE ARTHROSE ,0.14534883720930233,1
VERTIGE – ÉTAT VERTIGINEUX,0.14534883720930233,1
ANÉMIE FERRIPRIVE – CARENCE EN FER,0.14534883720930233,1
HÉPATITE VIRALE,0.14534883720930233,1
TENDON (RUPTURE),0.14534883720930233,1
LITHIASE URINAIRE,0.14534883720930233,1
ANÉMIE FERRIPRIVE - CARENCE EN FER,0.14534883720930233,1
PLAINTES POLYMORPHES (TROUBLE SOMATOFORME),0.14534883720930233,1
RHINOPHARYNGITE - RHUME,0.14534883720930233,1
RONCHOPATHIE - APNÉE DU SOMMEIL,0.14534883720930233,1
CICATRICE,0.14534883720930233,1
FIBROMATOSE PLANTAIRE,0.14534883720930233,1
AMAIGRISSEMENT,0.14534883720930233,1
ADÉNOPATHIE,0.14534883720930233,1
?,0.14534883720930233,1
ÉRYSIPÈLE,0.14534883720930233,1
PROSTATE (HYPERTROPHIE),0.14534883720930233,1
ANOMALIE POSTURALE,0.14534883720930233,1
ACCIDENT VASCULAIRE CÉRÉBRAL,0.14534883720930233,1
PROBLÈME PROFESSIONNEL,0.14534883720930233,1
PROBLÈME FAMILIAL,0.14534883720930233,1
SYNDROME DE RAYNAUD,0.14534883720930233,1
BRONCHITE AIGUË,0.14534883720930233,1
SEXUELLE (DYSFONCTION),0.14534883720930233,1
DIFFICULTÉ SCOLAIRE,0.14534883720930233,1
DÉCÈS,0.14534883720930233,1
SURCHARGE PONDÉRALE,0.14534883720930233,1
PALMO-PLANTAIRE DYSHIDROSIQUE,0.14534883720930233,1
BRÛLURE,0.14534883720930233,1
ANGOR -INSUFFISANCE CORONARIENNE ,0.14534883720930233,1
INCONTINENCE URINAIRE,0.14534883720930233,1
TRAUMATISME CRÂNIO-CÉRÉBRAL,0.14534883720930233,1
ANOMALIE POSTURALE ,0.14534883720930233,1
LANGAGE ORAL ET ÉCRIT (TROUBLE DU),0.14534883720930233,1
GOITRE - NODULE THYROÏDIEN,0.14534883720930233,1
INSUFFISANCE RÉNALE - MALADIE RENALE CHRONIQUE,0.14534883720930233,1
OSTÉOPOROSE,0.14534883720930233,1
COMPORTEMENT (TROUBLES),0.14534883720930233,1
PRURIT GÉNÉRALISÉ,0.14534883720930233,1
CONJONCTIVITE,0.14534883720930233,1
HÉMATURIE,0.14534883720930233,1
BRONCHIOLITE,0.14534883720930233,1
"DHL 04 – Maladies endocriniennes, nutritionnelles et métaboliques  ",0.14534883720930233,1
DHL 05 - Troubles mentaux et du comportement,0.14534883720930233,1
SYNDROME ROTULIEN,0.14534883720930233,1
NAUSÉE OU VOMISSEMENT,0.14534883720930233,1
MOLLUSCUM CONTAGIOSUM,0.14534883720930233,1
TUMÉFACTION,0.14534883720930233,1
ÉPIGASTRALGIE ,0.14534883720930233,1
SOUFFLE CARDIAQUE,0.14534883720930233,1
CANAL CARPIEN,0.14534883720930233,1
PARASITOSE DIGESTIVE,0.14534883720930233,1
ECZÉMA PALMO-PLANTAIRE DYSHIDROSIQUE,0.14534883720930233,1
AMÉNORRHÉE - OLIGOMÉNORRHÉE - HYPOMÉNORRHÉE,0.14534883720930233,1
FRACTURE,0.14534883720930233,1
CÉPHALÉE,0.14534883720930233,1
DÉPRESSION ,0.14534883720930233,1
VERRUE,0.14534883720930233,1
GLAUCOME,0.14534883720930233,1
ÉRYTHÈME,0.14534883720930233,1
ÉPILEPSIE,0.14534883720930233,1
ALGODYSTROPHIE,0.14534883720930233,1
EMBOLIE PULMONAIRE,0.14534883720930233,1
OTITE EXTERNE,0.14534883720930233,1
LUXATION,0.14534883720930233,1
ABCÈS SUPERFICIEL,0.14534883720930233,1
ÉNURÉSIE PSYCHOGÈNE,0.14534883720930233,1
